{"version":60,"hash":{"type":"Buffer","data":"9fnRwy2DG6HMohUlyUj5U3HvD34dnwKLfu9i67kkSAKtjA8qOcC0YJ/sO4M5PuKrHBar7D8N52dGIelKKWvwIy8TtKTM3RhSeJmhgGQZifun7eMi16cE4WAtjJvJcbsH6aFQFagJa2C5tGtQufrzgVxptiNRL1+j949wxg4AeyM="},"indexValueMap":{"AgG4I1PhXc7g2iXWzJfpJZ4dDNPJtBb5I2d+/bXMRgE=":{"valueMac":{"type":"Buffer","data":"5DcVrFMwaGuHq4sUmodn/DKz7v1RLbA6Ew1/GTMf1bg="}},"IdEEouxj64Fw1fnhmeqVU/SAlJB6oq0jcot5SB/eA4w=":{"valueMac":{"type":"Buffer","data":"KVYnxXn7Dq6d3auIR3Xh8ImGK1O4Tq4gToHfquCbawc="}},"IqQlBf1efcqiljbiXJkIyyFgiIvLIJ3IbHhQqqzxIqo=":{"valueMac":{"type":"Buffer","data":"qVDejNDUKHXOO18S1Nv5TYQa/HyUU6+URdRWrd6tIBU="}},"PNrxzsq6BQvfP3YjETwlkJGJJBChKeRPAbcEbW6inbA=":{"valueMac":{"type":"Buffer","data":"AsYtMSgdQqRwDhnbipLfJqTWAaMzvvG7ZrQaASMy7KE="}},"fslmaRLgwLZzhwZyI6ALRRY/qmHWCqxvSIQCvfeZJLY=":{"valueMac":{"type":"Buffer","data":"r9XLGf4p12PvDbsWshK/txzEFBFbMwmmnm9yPD340zQ="}},"lMDK0cP6zuTgWj56LWfana3ZFi2iTebvzdHFqnQx3GA=":{"valueMac":{"type":"Buffer","data":"0R3n87d9fjyBbF2GdslbJ8kHb+asytuZXtSx5qfWJsg="}},"ls0IkBYrEChfRSxHTYt/OwZ97WG9E0NbxRCGLcKUpvs=":{"valueMac":{"type":"Buffer","data":"W0jnjbeSqpadU4qlrTuMztTaHabn9UAp5h1RJccKU/o="}},"nfXaC9FYpXPBruO2cn/iBX6fD9SrhsjiBXi3UhIpyPE=":{"valueMac":{"type":"Buffer","data":"3hFIbKJF+Hd6s79n18c/ouorRjV5ZWJUne3RmdD+nas="}},"x18VXGRPtEGacSt7knHsYUbpOJqnid0W1MNPSvqtKXg=":{"valueMac":{"type":"Buffer","data":"EYTGo+KoEfSKhq7a50PhhwqPLH/oI/r7GuljPF9RFxc="}},"73v/pBXesIAwgbUO/SdQT/8Pjdu2td8c5KnWQpI4T7k=":{"valueMac":{"type":"Buffer","data":"5ePy3rHo+9TdwNxYUEgICqdnOfw50rK8Nbqr8FZU6lM="}},"z27w9LmjtRPrxz02CGp93vrtxE1Svj7kPbj07JFY2ec=":{"valueMac":{"type":"Buffer","data":"bYsZHOBGVvVsNp1WQwciZt2Tg5IzLJhC/lkpPxY3q2k="}},"VpfC5fLm9egSjIgWeuUHby5isMAGGMpJYPhEdwMXgVA=":{"valueMac":{"type":"Buffer","data":"yAKsS+/M2S3WN8VHfffRg3fPhbvmUVOmsXLnP7EQg+Y="}},"NWxW7p1i6hCHZSBKC4S4GJ5DSciWN8p8veT11UaKFcY=":{"valueMac":{"type":"Buffer","data":"CnpyL7kn4sU49e2xK4eFY+vYHVJ6taXywKcx9vD+sXc="}},"p95SSRT4G82way/C0INZ5RNWK0TsM6MEfKslP27lUoA=":{"valueMac":{"type":"Buffer","data":"G8tFRwS5t58C1X/FOb7h9njwVs0BYPcZT7RHtuh/W4E="}},"J13Ec+Z8Tp3p7Mki61k7asIPDlqhtqE2mWdHy5Cgqr0=":{"valueMac":{"type":"Buffer","data":"01EEEkLPPyMEJbiPfB0dkOfjhpHzUUcdfsmJ5I2bhps="}},"c5Tz7aNBi/Pi2Vc2PZTPyWkZhormH16U2XHxsBkpFJY=":{"valueMac":{"type":"Buffer","data":"sEe9TUe3T+S0VuH24iNf7YWxR+/cMzW211qJfYNZ/UA="}},"piAGFjhRp+riGfwkn5iS5Hve7fRdC2xOR5osrOLCTio=":{"valueMac":{"type":"Buffer","data":"2Fomj7CJblVtfEY8jYxv0BVP21Q5dIOP4VSJPH2gK6k="}},"87+eD58awSxh+qeoNeMgSdppqobWizW6CV5JD7MEW44=":{"valueMac":{"type":"Buffer","data":"fgDd4wBmVMU/h/Qxs+dIhcGwywrxGd72k5riN5E/b3A="}}}}