{"version":759,"hash":{"type":"Buffer","data":"jm9Uf8+WDc5g2YRTgVJZDA8IzzfX/7JGuNLp2NiEkNuwBYYEW9uVdDWA47nmH//Ms1d4sW23od9AaOOCKJepYRuRUhJuYb1sIjV4XnKelslCKWL/0bbwUszOEbfF3jf0sPNCQFFGnqPIZ3GJYsss/LR3m3ViQ4JIdkwhliO/c64="},"indexValueMap":{"AD4LJui/6qd4RVLnq1WYKfnXxyav3fn2nD7jSNrDhAc=":{"valueMac":{"type":"Buffer","data":"V85EAB6UXBJcaM9U/bQrd4ml4nQavHc4PceGuCBfmEQ="}},"A/U7Fhpd1bQPEPnUJnQHKl6RBK6q0Z4FZKr5kvjz9y0=":{"valueMac":{"type":"Buffer","data":"s5ZwkSxRGOQj3oB26Q/7fmEOtnTI7rIDi9rhTzQYd9k="}},"CNPhrc4XD1ASKxZ0pk3QSaBCzQW7oEcxsGztEogdXoc=":{"valueMac":{"type":"Buffer","data":"cKfZuyND6A1hIi3BYdhrefLb4NzCQNMJAqTswl2XPG4="}},"DF+1oTlblkfSj+RQcVVNb5cTLq3BghOtFJGtFG6WjaM=":{"valueMac":{"type":"Buffer","data":"B5jaD2QxdA7dKrwNXotCeUWGzCECbsU6q0O9ep+lyn0="}},"DH4oTxZPIeS0zkiHTlHtjIEKID7XzENogvloWMz6myA=":{"valueMac":{"type":"Buffer","data":"nwKgMov3yUZB4hpvfwrMNZyLFJqNOSkCgbnaosgNW/A="}},"DuZElttLdXMfUmUtxJlCVXRk1caBZ0uzO5VvNDnkogo=":{"valueMac":{"type":"Buffer","data":"IxAflv8eoyhS6rF+76A1C4Nki3w82htRYMZNkiHyZMc="}},"FNd6387MCeUgaHpJC7MIaZmJiAdfTrYiysuKTmd9eWg=":{"valueMac":{"type":"Buffer","data":"xVTTI16kbi8EqxII7gp3yjHJzOyJ7vnO2nmzzWm8/9k="}},"FXtJTcmoad10KnwQjbYZ1Z1eGthQizpu+dyLBSxg7+g=":{"valueMac":{"type":"Buffer","data":"JO9KnqgbcyuvutwUDdBlUFN1ImTsGeH66SJySrXQ4ro="}},"F8FOEHtwHebrM9napf9API9HcX0MWyn1WTs0+Mr3wWg=":{"valueMac":{"type":"Buffer","data":"vrd+ZO81rfHD76FPKftJf/zJuRc8WRGorh7Pp3rulpg="}},"G5kqXYNEH2PUaY0IqkAoQmZZ+OrwNxSGwvB2uZivVn8=":{"valueMac":{"type":"Buffer","data":"e/ACk/d43CI+uBc87sv3DVB4GtRs7F84bodW30jyTrA="}},"HK+Wsa5MGw5QnRV2KuHsloYUAs4YLWLK6tbUAMNfKEM=":{"valueMac":{"type":"Buffer","data":"OSpPMFakWY76B3iH8Xlb+ut/5k8mudLRg4PU6HpFaQI="}},"HhK1IKwCYTwMlIF6mRnMSei0/a0r9WAAb8W7bCBeh4A=":{"valueMac":{"type":"Buffer","data":"GAOKrrYGATl6Ah9SKw6oGcNz2StyB8cS7nUQyy9WCbU="}},"HrNX72ZTCpmIPA3nbzu98rlcwMEsLtcVQk9kpIcRpng=":{"valueMac":{"type":"Buffer","data":"6C1dj7cLRdh1VJvUHfkrm3BA4AlEseffId3OSbJ284c="}},"H+0stb8pH7/1ZO7g6z5yEWurwy+LZ3Mto2jkIKElMYo=":{"valueMac":{"type":"Buffer","data":"4CbsWyhMjLcgMlPndd6iCz8aFdOa2FbjX6sa8FMBOFY="}},"JrzhDwRgKKAAi24B+hTxVHZ3UNcSnccUSoZoBa5oYZ8=":{"valueMac":{"type":"Buffer","data":"NfOmQDrk7XztomGxK1QnMA0ZDrNuuV4Od+FcUSftlsY="}},"Jsfvn02MH0L5QVMw2pHS1o2k2ItV3a0ncbGfW7cnpFo=":{"valueMac":{"type":"Buffer","data":"WBcgmwHyTkQKusg9o8juajBUWTGrVaY2QDCSBmclQr8="}},"KLiUD16HyzCenO0VR+pndB/SMD3qpz3VEAXFottYlF0=":{"valueMac":{"type":"Buffer","data":"XizPPswbMu1gXsg7k7aBTCZCz2anMDBJt6zUXBrwD0c="}},"Kwx2lfXazk10EthHZtkNxiLDILoB6n7bb/U4UHHzG2k=":{"valueMac":{"type":"Buffer","data":"mQkuNHlsqaxd/LthxiOUM+meUH+kuP6cDbD0dTOhNzA="}},"KxoMb99zO29dPUIlRZ1RNq/BypF7QBtahOhXbGGd2CE=":{"valueMac":{"type":"Buffer","data":"8lNLjj030jyTFjE0IL4yYgQwnMHkQBBS2HFRuT/FWO4="}},"LQuOVDIXDZSRL1Nzi41MjXLbiohKAppNAkM1b20W1/s=":{"valueMac":{"type":"Buffer","data":"ITv+JL9djKGngRN3Si+Uck5EMjNoa0c+1HmVOpE2elY="}},"LR/ZhhGvef8qoYtiFRdkNzRm530wFuUXo1aX2of8qms=":{"valueMac":{"type":"Buffer","data":"bKej4JfIT2s2XJ56/3O0cCKP11tXhd3nLoKIwdWVcD8="}},"MdizdYHM8WBRyvHTi0EW9xrwLwTFLva+GJjNZfqkJ5Y=":{"valueMac":{"type":"Buffer","data":"SWUcm3Jvk/aYLbtnrPv/yzNmve7sG0Nb49hfAxhHnak="}},"M/Eh6ktR7pO0472zqH+jIeATQOjDyafx3fIYBV8w6Zs=":{"valueMac":{"type":"Buffer","data":"vDBYoJZr6di90Bi+kj54RHqWKVizjAPjWeJUpxkKgCg="}},"NmGyhHgQu+vHftYb17dNuYRsE4SiR2rzqQI16/166Kc=":{"valueMac":{"type":"Buffer","data":"FCYefxy1GAysrM0CKKP6BMkZBSzhicGet5kbRy3f56U="}},"QVEA+QiH/gxNCNM5vvaUJGekO93+OyhN9wexfPodWHw=":{"valueMac":{"type":"Buffer","data":"w2n2tEFaIFEf/TiLGSZ07xHOjpYEQy76Y+hCzHT2vNQ="}},"RBgnwgXV/3UyavZY0zwRXZ8fZh67ZjVJfQpqCd/ajwE=":{"valueMac":{"type":"Buffer","data":"ZIXtQ8QUO3r8SEh4MSxggaf8N4f+kj5iSsNAEJLkjQE="}},"SHeJv2yKbA7z3P6kl+VrIojusQPwlO79+9YFEtcb5Bw=":{"valueMac":{"type":"Buffer","data":"NeP3N7kzp5EQJcQvEUCXRHoMPQaGPVAT+N0Q7PoNYE0="}},"TXrazhOu+8ywyu+E4SBrDWeg8h1GaVSiGFq9TllQ1f0=":{"valueMac":{"type":"Buffer","data":"0xEyyM3nqBt4j/4nzeLwVe+kYVbc7pLfx30KfVwNoK0="}},"TiGoDJoDbNnm4TiSVWcFOhFF5JjYoXZ95262Rt9QY/0=":{"valueMac":{"type":"Buffer","data":"28cqLVHHb58tyBtkAg377yjfrjlw07uSOdLOgMVNDfo="}},"U9Lw/w2eTk0JmYqagc3PVv04aW7sKzW8lHHfl/btl/Y=":{"valueMac":{"type":"Buffer","data":"lop8Lg/+zWSx6Wglfy8cKqORTStKkLZtqdVb+vga3D4="}},"Vf2I0D3TGK3+SrMxcZkh47MCdnnn+3mNK5s7pXtRuZo=":{"valueMac":{"type":"Buffer","data":"vgjTG9ywPeRd9ytFICnNo2XUuxIjdSeaOj9U8FfVQAM="}},"WtEFQXOK1s6uHixeQlMH9lH7OneAhXXCV3eL1/IbKpg=":{"valueMac":{"type":"Buffer","data":"eARUBP7kyKdnqj6mtsfLGtyBgyMPylp8eHaaUB8b5Es="}},"W4qQYDXS/BQg3gpQxe8kmya5B6qN8P649bi2lw6+Vq0=":{"valueMac":{"type":"Buffer","data":"QenYE6c5zae9exmRfryZqRQaugtWTKv0JNbINe9M8CY="}},"Zz6py3SFxgU9Y6gnXhVtXyvcEWf+bWbiNUKnbzAomoY=":{"valueMac":{"type":"Buffer","data":"+Y6BWlztla+2Hi9c2kAgTz/U8VVNdFBtR055SOwZc+s="}},"bRXWdeRC2/hoqnJflmbUyslz1CTEVWRVEIIhu50/P7o=":{"valueMac":{"type":"Buffer","data":"6Je7L0F6L29/oMckmXfiBo8Gmz+iMeWzBdSSkR/E/xU="}},"boUdrnUsp1WB/s6sYJ8SHVtBtH9Wo+z1+7zAB/+Q3JA=":{"valueMac":{"type":"Buffer","data":"xJnnGuPcl79io3cbTUOGm+IUjbH7ZzeAZN5oHJ5/yHk="}},"dhq6pRxSouo/gRI/PqmnSiY+xkdkluLQH5qbcTs9n2g=":{"valueMac":{"type":"Buffer","data":"X5GqEKmd+xxyTfepIw4gG70aCPboRA8K26WvbQmfXmY="}},"ebvPlMs5GLPrejfqN4vGdy5IpypZ3jgpvSL9OfiiqoQ=":{"valueMac":{"type":"Buffer","data":"SsZxVXMJXNkHBneUqKFJjc3fAZzb+NTCjMZO0ZYliZ4="}},"eunqsg+CxUd3Wrex76mPueZm13YV7Q6G/GK/t9XaP/k=":{"valueMac":{"type":"Buffer","data":"GcjfpUyxZw2Os3CWN9LQzbLkLjv+x1wvV2wTcV8/NHg="}},"f8KAIgVNf80b38n4yI45nd0je58NH7FoStpwgzXCX7g=":{"valueMac":{"type":"Buffer","data":"ylkgJzpqxiSSukYinAC0Rch6unqe25M44Qpcxo1Z3Eg="}},"f+5wA7IEoPqpYs0kKLvsT6bVp0CRl4UfT0R2/LeCg7Q=":{"valueMac":{"type":"Buffer","data":"GciGOlZwWuzd+KNNSsZxQ33BEE5YjbyorOC2hE9obUI="}},"gUtwY4vFypn+gMnIFn+Di6qncD61RLWpHyOyQxsZTsE=":{"valueMac":{"type":"Buffer","data":"a3h0VxkfdvuEdufuiEWD9Pe3ylZfE5PlpC2vW8OLBe8="}},"g9NPyDfL1w+rrsmByGulZ3ixN/Y4cAMnuJz5TsmejLY=":{"valueMac":{"type":"Buffer","data":"aBdoGfjV90fdjpS7pmQCs+SAfzu+PlSOE0F0l4k6uko="}},"idK6J5gZ7xZXWA/eUDu2pXegh1W+UoRjztDsC0n2TPQ=":{"valueMac":{"type":"Buffer","data":"5w4yghDwPYVg06vl7NpkZkhTWb46eKSLyjq/s59UT78="}},"jMf5cUFMJC/KjGE6RQ7eXVP7bLnGt6eLHqxxADP61BY=":{"valueMac":{"type":"Buffer","data":"0E4zT8wIqXgas7xW16NXC2ReneRfDI2GWqcwfUqR7s4="}},"jxKe6Q5M4HhbAHdtPMqwHEucV6tTmUqYsDeXXGr/03I=":{"valueMac":{"type":"Buffer","data":"jZAOikzGbge5TI3sYgFtn+Y3PY2qw55ssOKZVVQZKio="}},"k5kK64WzKDBR4Y+O5LejZoHBOzGmc6GSblphzRD+bzI=":{"valueMac":{"type":"Buffer","data":"hFfBM17gPvkIbgZpVW4zmycKnI7L4wXpjSKYmhXOPEE="}},"lKeLcpsJFg9lWyMeSR7ivG0cNBTJlVDWWai5wKj6+h0=":{"valueMac":{"type":"Buffer","data":"dMze3cFMjrtwo8z8e/mS0nAdSUdOcijn3VFIPOhMldY="}},"mWZGdMoCb+3YwrQpqo0b4phRCV+/SSZQ9QPMj41/Dro=":{"valueMac":{"type":"Buffer","data":"W1VaYjtwTIiAxkR0eq9FGeeRUQyvNHnLNUzLqn+tHg4="}},"m05ISCX312wlcRbxoJeQJpTTHcLmRv8A2QDOVsfk694=":{"valueMac":{"type":"Buffer","data":"R204VPO8zRu44xx+ZuWaTT1V0+LbcIVrW+GdvHP7Ihk="}},"nSaSfQQnpETdKKb0LDlcm3oEcuiJpfddVS0q0puvAeo=":{"valueMac":{"type":"Buffer","data":"kq0pr96decj8FZRLk6Es/BBTsUYApXxP2EFd3LSnGPI="}},"niD/fbe53Y5mkADsv1BJmDRuq6mn8ZSZO7toPCNo8KI=":{"valueMac":{"type":"Buffer","data":"sVuQVcupQ9YFxUVZobioxapbCj/ouFBZYC0p56X2DdU="}},"oFl54Ak8hTWwRZxNJvrGJ//yJjeqYgfomWdecQ9REy4=":{"valueMac":{"type":"Buffer","data":"oAV6SUMvsc+TuFNcCM1KC/29cartSELG7Hlh0gmDY/Q="}},"oMZWPPz36S+nCsmiIQmAtAjCXMKrusp/mPR5cpBAMMI=":{"valueMac":{"type":"Buffer","data":"kANYxfE0aoz2SYuc00oOH3rTVCyQbFDmludbiJtJgbI="}},"pAkzMWf+i+aStOf+hLI7Bzz149x9uCmwIV13RW4hT7U=":{"valueMac":{"type":"Buffer","data":"dQPmxol089QaDl1i/6qGz/Bav+Oax3fEtj1CW0JKuDk="}},"pGDPDH9AtiGRMIElguq6uznlFlk/BheH9EeakiDy7Qo=":{"valueMac":{"type":"Buffer","data":"kfXLCbwV9oqzwITD42M9oYg7weXkJzzZbExO5ssgWoI="}},"pWV7mCTlMnCyjWqRb2Gok8pL93j8ogoPn8Ys3o8jlsU=":{"valueMac":{"type":"Buffer","data":"AktTZN9EZLBB4yVwsodRyApbJooFWVoeHNVUhcDO16c="}},"p1DHRjX3EXdFfzFuOvPzXUKOBvuYWz4b4Cyn+5Jz+dM=":{"valueMac":{"type":"Buffer","data":"dOaTnT4qeHTQ72OkzO7kv1UXNz6Eu6I1HrPjX/MqGew="}},"qgFSB/OHleiDdbBe7RhVFDkR5e9NWXkV3yP/sMAQBJg=":{"valueMac":{"type":"Buffer","data":"fUrEJRPTTR80cxUQ9cYFClqgAJMWVGFeQOD1fROibJc="}},"rb2eRQRSB9pSeAhBxmQkINEDAwgJ92egMfziCfAUrHU=":{"valueMac":{"type":"Buffer","data":"LDloGbu/aLn9A3NP7xlk72gn4sZq+w8gYFCpxNVKiQ8="}},"sBrByk6gwvASjY7vTk5xzZElDPqfsEMBNBj7GtpH+T8=":{"valueMac":{"type":"Buffer","data":"o0Hm9ypb93P573q2PEaGEDM7RwX2GLOZ+XJIx/l0L4Q="}},"sDgEMWzkCWIgyvN7S8sBaJMEdBzKzXjAtrX8EobSMZE=":{"valueMac":{"type":"Buffer","data":"PTf9i7SRypTC2Drrj/BDmbzzcj37VX24w68TIEb80io="}},"sHXkwZp/SkKkyUsEGtganXyXy6vE6CV1hzpAgT1AoOU=":{"valueMac":{"type":"Buffer","data":"t03x6pDJwdWPSj6fJKTKGciI/GqlSrk6Vearpoy32vY="}},"uTkb1p+zwZnBGROLb8GgjFw8+Z5549o4zL0yurwaruY=":{"valueMac":{"type":"Buffer","data":"JX9PByoGWIMIO343Dh6QPn3a4vrnCJTDnQO9c/6h4Uc="}},"utk0JpYTfrmmZywsnqe1Y45dvI95p53mh7Sc131t0MI=":{"valueMac":{"type":"Buffer","data":"IKLtm9KJ6my7I+COlZAXgiSlAAKr57ozla11nt5Swz4="}},"vNxUjFF8nesMLeBxiG4CEmUrAB8q/nJK+svmxhG5Pvc=":{"valueMac":{"type":"Buffer","data":"f1a8b3lrxzjQAdE4VRVQ2KtH2VJ+dvUMQ51gWHucvAM="}},"vcQDaooBCes2OSu7kdW+2UG5scUE8lo7S36Ek+mTEC0=":{"valueMac":{"type":"Buffer","data":"s1cU5mfc6SXBVV0lS7AlUxfbSOBwRjsgmNgU1iXU05E="}},"vxKZzrh9LM3Ft9pFgGNJ4jRYsyNXot9IVaCtkFiccUk=":{"valueMac":{"type":"Buffer","data":"qbzC+zOTEF7dtwPJmR1SZ46/Cm2zEPckShTUA1DthWY="}},"wydQXmfWD8s2VhHiM0RjEaFcxasShB5zhR386+kuM5M=":{"valueMac":{"type":"Buffer","data":"Zyx3x1x0s/VTtwm3LlnKLlxX6h5F/rk1zwTWw4WLGbk="}},"w60SamgP86Rmwk04089ypgPsfZhdrSLYZwuBPV0cFnU=":{"valueMac":{"type":"Buffer","data":"uxGPjieCOACWU8XMToRikcZ9ifDN2VJgQWcAlb8kqmU="}},"xP3LRgxOVcELuea9GDlTm5x5mgHWOYnAxZkbcE4XGeA=":{"valueMac":{"type":"Buffer","data":"9lA1vlOBA49VztJZqpNyEyh6eq8XJVxj/0muhoFNiyc="}},"xqvR1/rtl9NhZzKeAa2jR5jMjni/CJceGsqHSHIgVc4=":{"valueMac":{"type":"Buffer","data":"nwLSIOgeDFEgsp/uRQkU8bfj3isfSOOe398QJai7zok="}},"yqvDOjGJYRP36GtdnWVPSEMfsuVeMINxn1cvBPwumio=":{"valueMac":{"type":"Buffer","data":"/lkvhZqcdBY6oVLHwt3rpFTIMgimGixrDAoqh8cqfd0="}},"zL/OIQWmY9jKmDS/qXaRBzsGMfp/v+rWi6oW4i6U150=":{"valueMac":{"type":"Buffer","data":"+jFFSDxJtI5JVXg249/+R3wWr2LHWHzhLzZh35EVrzI="}},"0CxLnKnQ/HkdT0bq3kqXVSu3kFPMbfF7ip+DNNih8DQ=":{"valueMac":{"type":"Buffer","data":"SdGG9TTZwCHdS2RRZ5pXd1Qq7ZLy9Ow4RoUydr1OwVE="}},"0OFFliNKRBkTEAO4R2QFSY7WbNVuUAjT9mXjLN4d3vM=":{"valueMac":{"type":"Buffer","data":"UHkTTe62+dYpnGeRWhUR2ow3RiyL2L3chhQcLjzLgt8="}},"0SgufmC/9/j/WiNRih3TJjotKfQYq2bMb0bMBvKgN54=":{"valueMac":{"type":"Buffer","data":"BNoiw6/nOI+a4KFyW72fhqnJjIGptR5UDJmw2rYMl2k="}},"1azTedMVe8mwkQzvS/dqROJIbGWEBRK+Rd1Y5CsJHfM=":{"valueMac":{"type":"Buffer","data":"qIiUtWqt2DdM0bk7+CNd+k8JyHwQ2VnAqPSnDl51wKs="}},"1riv4HrEl8cN8EOmWWXRHmujCLRzXMkoOY9xyVoiEH0=":{"valueMac":{"type":"Buffer","data":"He9ZPpsnVWtwNGGe8vrJ7oVBdGSGidJC3VtuW1iEbdo="}},"1wg3m5+cA3xSUR+KlrTPyWZszZP5/PMBZn0aKsHnYRM=":{"valueMac":{"type":"Buffer","data":"moYT7uFx5ym5G+U/gs0JFPdPZLWLxHqanhyKeR+HnAk="}},"1y15QRxobbuEfsVCaaR86V8M/PcSSwzaG0Q5ZNYL9+0=":{"valueMac":{"type":"Buffer","data":"XBSuz21moiJYbmdZnZ0rof4efeQgZsOcz90DVT/YSF0="}},"2HzT17kKIzIPTQd5J9R6i59hoVy5ZRIrKIvjQZHvOt0=":{"valueMac":{"type":"Buffer","data":"JjxcFnO0ZWnrjLR7JmtWKmEGixn1kT8MiyFANcA9RQU="}},"3Iv2C4GhJnmtO6Z2IDZlOVpjObmuqEpCdC8SIhVoAbI=":{"valueMac":{"type":"Buffer","data":"GlUSaMEu7c97IbJE707RQ7HJ2t7a8mFol8HS8OAab6g="}},"3RZrpKtc9xCOa9iYB6rfyT/By5qcbbW9K32YBk5RnXA=":{"valueMac":{"type":"Buffer","data":"aPP3OXBusYJ2SG5dZ8Pf65xboiVjxyzr/EYNRLnSvwU="}},"4kAFn72HilnGa0NJssHqY4efwzDXNKB4uWutxGZy2YM=":{"valueMac":{"type":"Buffer","data":"p8WCbH4rx+01Zh5rYq32/7jpXDMKEt5Oin0dZjtXusk="}},"4oz3GoVil+uis+KhKYCm66/0fFvv4Y7GPwA9p6ngWzw=":{"valueMac":{"type":"Buffer","data":"jtd6qlaihHDbHtzhMwFVPo2RFciJvnH3y9xL+vNe2nw="}},"6y1ovgkwNiYqxC9/vndv841wDTlF8Jmw5b0zEfScEJU=":{"valueMac":{"type":"Buffer","data":"9J9Q/rMydlHcuAvCsgfQ0FlCwnWEPyRr14PxPd0ohgs="}},"7YUVqeRXfOWwFa1j2PhhHXuPI6BPFcbP4+73LBbTczg=":{"valueMac":{"type":"Buffer","data":"y6O5ShcZM+7mGV0vVibzUJb0WrgjmH4vGW9OiLPZCbA="}},"8IKvF1r19mt/JCfSS70AqsDKTxv61ZC3X0r4Nhd9mhY=":{"valueMac":{"type":"Buffer","data":"LQP8ZZvJOgi5gBrJrVBbbMXFI3+4ouoD/Ny8Rh8GUdg="}},"8Z+ZgdohVXNMlmVYw38WhXzpe7KGvdX9uVPRrhtgra0=":{"valueMac":{"type":"Buffer","data":"yMp3CyztQuBakQUW3XXP/Y+gfLXoSfCz0RFPbnutZLM="}},"8hGXAITwUrm2b+l5uAJWnM6UwpUGvHVkoogxUjMsOx0=":{"valueMac":{"type":"Buffer","data":"sFSHt17Ml9TPs4D95bFDXWSK1yfmo2rp29FSzsSq/KQ="}},"+XipYU+EsuYW376MZ1KC8qOFl+VonLQl5EwHTcfuwRQ=":{"valueMac":{"type":"Buffer","data":"Jo3uI+gwiBrhCUyhpo6zuJ5s0NXVY0FGG566PRnVwlw="}},"+umhJfGNLLXW8+HmiRHYMswwKzB3QqK/GtX/1ASs37c=":{"valueMac":{"type":"Buffer","data":"nBzEcjaH2MT+st+YwfP4qHfZ8HPHWBmXaPyQf5OC3u8="}},"/Ep8QvAZ2aMU3Ead4lIOb+HVyV15pNwiGcuS6YchzLI=":{"valueMac":{"type":"Buffer","data":"yJhg6Aud6r7DxsjZlyyhze8mdehnQFlKpcl5gaCyrX4="}},"/M7kmrZLtjGszJ9ecrV/QPB62AJBAEtcUlhcuIb95uQ=":{"valueMac":{"type":"Buffer","data":"rM703aj1OqhKY8ZvvHPQ/uPBo6Ew6k/TASNEOggutZo="}},"/zHnP5ULtKd5eVRicn7F8OvBpoXwexNPnvTUEF39JKs=":{"valueMac":{"type":"Buffer","data":"eD4tMeiPOhcZ5o5iyPQVJP2740wo8h04NLTGoLXavPk="}},"Q+8DDZ7CfnmkQmOS8UQvGNNwIEapxRlth4pPIxoj20s=":{"valueMac":{"type":"Buffer","data":"3OSun01w4ldcSGs8aUQ5h3X8AGlEyXGQJ8jUY7G+wqE="}},"GM05wZOZSlwbXPjm26/0zbf+lJN4oGaQ7HiwG+cQgdQ=":{"valueMac":{"type":"Buffer","data":"R2ANWMETvpmSKsgMOVw24oPD+z294KtGGyDTMvyE8Z0="}}}}