{"noiseKey":{"private":{"type":"Buffer","data":"MD+XjB76DfKTKobPhrxuyp/IN2tKQuP29fbLyDqdEUQ="},"public":{"type":"Buffer","data":"PvGdkdDylWG2EdyNRixGEqlkxTrnVGHVtKyvBL9Ix1Y="}},"pairingEphemeralKeyPair":{"private":{"type":"Buffer","data":"OKiNnWXNJLMSzCheUxWoLDb0rvPAb5JloKxmx7a00Hc="},"public":{"type":"Buffer","data":"NNxU14Uu12UgJvK3kfSv8Ny75cF6myiiRuxZff/QB1g="}},"signedIdentityKey":{"private":{"type":"Buffer","data":"0CA8hEtSO2LpHU0qxFWejdyeAqjNlICKt17+VbZOZ1Y="},"public":{"type":"Buffer","data":"+Fz/UKTiw6n5XFcSVUvPe9DoNsjm2eDM5meA6+HnB3g="}},"signedPreKey":{"keyPair":{"private":{"type":"Buffer","data":"uEgQd42+lp+W6RNKXdLsmba+YCvuEjB+WjIEtryDkmo="},"public":{"type":"Buffer","data":"bzmBYjKpAR0vHnv1zbhyo+lEZ83kcewRV9Gc3wcb0Rw="}},"signature":{"type":"Buffer","data":"CzUnl45/kwb7aUEgpY75ukrHPhB9eUhNcumC9NQAf2tIO8PHLeSvwkfbhRnRvyoZRA1a64Xn7mgHYQHvKZOsgw=="},"keyId":1},"registrationId":108,"advSecretKey":"W4hdW4qki6XJ/0KAycWxPLzC1vCXT8YEsW0UE6PyuFU=","processedHistoryMessages":[{"key":{"remoteJid":"5521995900546@s.whatsapp.net","fromMe":true,"id":"35A5BF1D44BBAFED5CD5DCDC487CAAE4"},"messageTimestamp":1706312590},{"key":{"remoteJid":"5521995900546@s.whatsapp.net","fromMe":true,"id":"CC958AE0183F9DA789FD5A3BCB640ED1"},"messageTimestamp":1706312590},{"key":{"remoteJid":"5521995900546@s.whatsapp.net","fromMe":true,"id":"1C02DB04F0808AF1745D3D91975DB04D"},"messageTimestamp":1706312596},{"key":{"remoteJid":"5521995900546@s.whatsapp.net","fromMe":true,"id":"FC0CCE7F18557EC456D242D42729B068"},"messageTimestamp":1706312598}],"nextPreKeyId":61,"firstUnuploadedPreKeyId":61,"accountSyncCounter":1,"accountSettings":{"unarchiveChats":false},"deviceId":"tqAA9GMYQhuRsqS0RoOaDg","phoneId":"1d5cc6f5-f291-4606-803c-2a3851884e3b","identityId":{"type":"Buffer","data":"2Z+n/qDfs6ddBMQBCSDmCM3bAXQ="},"registered":true,"backupToken":{"type":"Buffer","data":"aiHHIA5N6nu4dDhKYCBKX8SpCVY="},"registration":{},"pairingCode":"2N8WK91W","me":{"id":"5521995900546:47@s.whatsapp.net","name":"Stheffany Bot."},"account":{"details":"CNLF4cQCEImH0a0GGAEgACgA","accountSignatureKey":"Kw5gCXacry672M+zGqEh1pWQtsjBKdOyoQVV5E3ckEY=","accountSignature":"ziXuYYdVhqyeZP96LicCOLp705wq0dT5wLG3D7icn+fNuDW8Ifyw2Xy8wZtBKWu6opNPMK1yISUJEjNWOSiRDw==","deviceSignature":"sdQ9anh3l2Ai0nSDLmZ1uHoQRCMoTlOpcsF+BxH96vHvGF5x8PhB0u9/WrSKDPbWjee7MhdFpEF8iRUGQwyWig=="},"signalIdentities":[{"identifier":{"name":"5521995900546:47@s.whatsapp.net","deviceId":0},"identifierKey":{"type":"Buffer","data":"BSsOYAl2nK8uu9jPsxqhIdaVkLbIwSnTsqEFVeRN3JBG"}}],"platform":"smba","lastAccountSyncTimestamp":1706312588,"myAppStateKeyId":"AAAAADcU"}