{"_sessions":{"BfmunkXY7yIZPZB+WZzJSR8retyHXkTw6cmbj2Bz+1h8":{"registrationId":1872017394,"currentRatchet":{"ephemeralKeyPair":{"pubKey":"Bco5Oe1H1OSRlQvl0d/kY61CHlSPwUjiNmdURrW18nYp","privKey":"uNFGshnDf3VtA2j97a9YBWiMetd/hBKNr4HjKsD4J00="},"lastRemoteEphemeralKey":"BegZ5ugJXJzZRxXs0C0p2rgaYHqv+pg6biLHSO6fSGQX","previousCounter":0,"rootKey":"o/SLvw1lwDx9ROLpDfXr1Pqok2xJvSZIW5Fvgqbe8W0="},"indexInfo":{"baseKey":"BfmunkXY7yIZPZB+WZzJSR8retyHXkTw6cmbj2Bz+1h8","baseKeyType":2,"closed":-1,"used":1706312589850,"created":1706312589850,"remoteIdentityKey":"BSsOYAl2nK8uu9jPsxqhIdaVkLbIwSnTsqEFVeRN3JBG"},"_chains":{"BegZ5ugJXJzZRxXs0C0p2rgaYHqv+pg6biLHSO6fSGQX":{"chainKey":{"counter":8,"key":"UAYxYd/2Ylp9QLEtmOGLq9JGa/MOf13xFeNr3o6ImQY="},"chainType":2,"messageKeys":{}},"Bco5Oe1H1OSRlQvl0d/kY61CHlSPwUjiNmdURrW18nYp":{"chainKey":{"counter":-1,"key":"a2Eb7egiQuV+3/3YTrFoR6KGr4PjhJGko0kl5sRktVo="},"chainType":1,"messageKeys":{}}}}},"version":"v1"}