[{"jid":"5522998550606@s.whatsapp.net","nome":"Vitor Cauã","email":"vitorcaua50@gmail.com","telefone":"22998550606"},{"jid":"5511995430079@s.whatsapp.net","nome":"sixzin","email":"six@gmail.com","telefone":"11995540079"},{"jid":"554184623562@s.whatsapp.net","nome":"Sérgio Afonso","email":"aldrinalbuquerque@hotmail.com","telefone":"041998232502"},{"jid":"5519999103414@s.whatsapp.net","nome":"Nome Solange da nossa senhora garcia silva","email":"castor007@gmail.com","telefone":"19992888186"},{"jid":"5512996477216@s.whatsapp.net","nome":"Lucas Cristiano Moreira","email":"lukascristiano2020.20@gmail.com","telefone":"12996477216"},{"jid":"5522997030050@s.whatsapp.net","nome":"Stheffany","email":"Pestheffany.2020@gmail.com","telefone":"22997030050"},{"jid":"555197803156@s.whatsapp.net","nome":"tanise da costa","email":"tanise.panisson@gmail.com","telefone":"5197803156"},{"jid":"5518991608772@s.whatsapp.net","nome":"Bruna Guimarães De Souza","email":"brunagsf13@gmail.com","telefone":"18991608772"},{"jid":"554896878051@s.whatsapp.net","nome":"Letícia","email":"leticia.alcantara@gmail.com","telefone":"48996878051"},{"jid":"554896281410@s.whatsapp.net","nome":"Letícia","email":"Letícialua@gmail.com","telefone":"48990866886"},{"jid":"554899940305@s.whatsapp.net","nome":"Letícia Alves","email":"leticiaalves@gmail.com","telefone":"11995430079"}]