{"version":2,"hash":{"type":"Buffer","data":"jhssnFkLlm24ofwZwbSvvqdIveVmha0Z5acRgmdjJFhd+z0w00c7QRtCwtg3GvJkNYs7cyV5tl/N0OX+1wtWG6WuMUoJazGxS5jLjp4k0jtGTTsCIJ3vVxBjc5UXEk5TFs20VQn80smingmY6X9cMVsX6SBWBwxKp+8opIGBPDY="},"indexValueMap":{"Iq5xxHpnomJP7w0XQz/VPZ0/HGUEW29GeYQ2YWL0ugc=":{"valueMac":{"type":"Buffer","data":"4FU+a3GJCcGmKS72eXVvqKiSdt1M9K668LWGW0bdUF8="}},"ZD1iuQR333Z1TH/5hNRkksCZxtg2Mzb1J6QeBaQJDXc=":{"valueMac":{"type":"Buffer","data":"MgR3FfbNu/wDBhOLOPT5+xoH2Rd6H9CZ1OQniZS+iTE="}},"ot2GqLYinKpQbfxRxahkNS4W2Sy5u3gEv0Yo5Nkv12M=":{"valueMac":{"type":"Buffer","data":"yF9ugE++IdX5+Ao0GHYc32wT4EZW69uWy9RN6AFpLcA="}},"6gAST93Y65Gvdgx/k1oAadnS9uhp/BPM0HM6I1bveiA=":{"valueMac":{"type":"Buffer","data":"AFwu2R3gPWKarJ25PI4gO2piDjjVDpfy/ZYAWOH7FaU="}},"RxhxkWv34O2VuF/++0TmE8z+tkVbdJnVBT+g/zhZ8TU=":{"valueMac":{"type":"Buffer","data":"nHw/FgRz0V99z7nPzN6lp+B2rUX5ujDqR2MprFhU5E4="}}}}