{"version":8,"hash":{"type":"Buffer","data":"tBf7p18Yr/zmqUg2xsoE4TGVDGo/X/kwN0c3U0IHkbSRxyqTYqzWccMCfi7Gf4jWgsx5AKZOoY69789dbNTx5w1+pT6ZI2pCPgKI7y6AV4B7t1A+LuAVzoc/9BKf4xdcDyhhBvMO453SX2NrqKIJnpa0Ftyc9BTzvMrOBbc/vZo="},"indexValueMap":{"GVcXA3Dmp5VD+hpamcZWXxGbrIY7pmUhZJw6xzEi0Wg=":{"valueMac":{"type":"Buffer","data":"REJCKtn9jVqX4pwfJhil1Zfds58bI9JOwsLyUH8A1JI="}},"HHcV3eCkG31sJ4hGh/sRPMhI/LFDo9leVGBk+l4wyik=":{"valueMac":{"type":"Buffer","data":"q/83QtvNu+zTAXglsv4J/tDikHfsmRnmznSJwNwFpEc="}},"KJN84TGfX3EUBUUlZ4yWl4Pb/RSYOnmlss/XSjjt/mQ=":{"valueMac":{"type":"Buffer","data":"CzQ6XF8DP/XwjBgg8WLIoFFDFgIxyUt5xKtb3hFN8AQ="}},"So0168RmV/ee+ECArVBGZbPgfs00ueOfD+Tj+EeRQFA=":{"valueMac":{"type":"Buffer","data":"VtDTbpDM720KrvTTkQVLWO4ttL3dJtZzUMGmspoX82Q="}},"XyxBbchGNNcRZm1eDTNVDah7XW6QH95zYYUNKKpDPP8=":{"valueMac":{"type":"Buffer","data":"JSnEPCAyMFkq+2B4/ky84MJatsRoolM6Vw6/YR8l1EU="}},"a59yWBF/Q72KvGDpounoEcc8Mn3WamjkVMo8cJ+cQP8=":{"valueMac":{"type":"Buffer","data":"ja2w1R2+jFt4Cyg9pNhRRUTaL9zOZA0l9P1n9ZIt3JM="}},"ceXMLJ7HzP6L2nAat4rXwiOfPaay9sbYa+XsveECI/A=":{"valueMac":{"type":"Buffer","data":"nhSupKnOu3u4MjUlXl27zsiUTVGdeRcFKYHtRTgCrg8="}},"m4ofEVMINhpiAmfrsoGvNdbkSiYataY7wNcRWOvG4eg=":{"valueMac":{"type":"Buffer","data":"eb+SVE7Dez1SI3X/mQ60XBNV9FC9CrSguxuLn83Ky4o="}},"93I402cpumayGE9dPliC0PVw9vj6mA5pRZecGmbG/rY=":{"valueMac":{"type":"Buffer","data":"wnXpy1AP9Q/+cyP1VVbIyNhM/WFyuIMv0iY9hNSaEII="}},"+IHQ28I4Ml4fsOFTPjtshoFgSeK0iEVsNAvULSKe68c=":{"valueMac":{"type":"Buffer","data":"z24TgYv6yjNr/CN9pK8Uck/AQIPk7M9ikfpxfSwTpPE="}},"/00UmQo0CGNjeKVrqvrRNvzr0Z8FwyUF98s5AAxS8do=":{"valueMac":{"type":"Buffer","data":"hijwVMCfCEg1mzJflLsWnAHtKyRR5lo3wQWxnOlI5YU="}},"7NTXdxcScPVhqB+hRDAnWaduzXDwN5wDFA4ZP+7q8BM=":{"valueMac":{"type":"Buffer","data":"fuoCh7DnC022skU1cm6qH+tm/IDPSqRbSABKfoxRxQI="}},"aPaEtnzGKxZGQ3VF/QjXDpc4h76Jl1LX+IGlkWtayOU=":{"valueMac":{"type":"Buffer","data":"s4NJDh6TD22xpslDOw0zbJn8ShEAz9AX/pdBGlnjTos="}}}}