{"version":23,"hash":{"type":"Buffer","data":"PtIFCFwl+788sx/5NTmhCDpRpFWw/cjf4Py0Zu2dSCXAgNAswAR9sFElBc8USaNK3iu28T4f6nnrAcVILjLkRYV3KQwzdYHszs/kRhFJ2QhLMNensBg/GW9t2y1Rr+3yJLRXenj/2XCH0Ch7TQQM5CdR2PcCH73jjozH+Zj4nhE="},"indexValueMap":{"A+agVhHPK7biidSpS5XK3fDgaAGma1eHeKF1vWks0tQ=":{"valueMac":{"type":"Buffer","data":"cZ5pv7Fy2h8O5xmkLtVe+wbVKXf0ftBSHLDJNWy9ooY="}},"BXfI94h7oFrfLd3EU7jzVkCDscZD8XcMm2OaWpYjUNc=":{"valueMac":{"type":"Buffer","data":"JaaDI+rhQ1bDSOzCdiPZm+sjIwITAmQZK1Deo0bkSIE="}},"Cia3zWgHCT/PrFOk4h9h1Wqwkz11bMy3fTrLc3fHwrg=":{"valueMac":{"type":"Buffer","data":"KIiuVkG1grC+xdrAfSU/D5/EyU9ZgJRWoBwNi6Pit/U="}},"DSyzwHD7mRpalWfCKmCjFYhRprIvPNAbB8Ms0ploVM0=":{"valueMac":{"type":"Buffer","data":"YwiPDQeTeTfiz61GTHTWSi8oVkrjkKSGrJRXwaVw8pk="}},"Ex8Ccft0pqC3srbsUgPhNObFhck4tX6BGl6bFiwobhY=":{"valueMac":{"type":"Buffer","data":"/oHm36mcYro9/BcSLzGczIc5Z5xH5t5qxNY9HtU9RoQ="}},"FqtVuV5ke/PnvTZsF5cSRqPL2dUI3yHKi5pwPtiuDtc=":{"valueMac":{"type":"Buffer","data":"88FSD5FjDAbwjt8mG2CDck5XDc9yefRJc7Wh07FSaiI="}},"GGGoZjhQK+M7WvVTU9tBt3vf4mfyq7LCV81WgFFYTug=":{"valueMac":{"type":"Buffer","data":"zYdRF7h1WVLx8f2zKeiO78jphYKADdHiE+Tm4K83tas="}},"JmalIeDVttLGA6BIcJGElj5i83Ek1zIDIPZtINXP/sY=":{"valueMac":{"type":"Buffer","data":"Tm2QmW1uAFkiZ3Dd/I3HPcPyYm/1wulbSEhP6SlY59o="}},"LBmlhyznhd48wc0/DMYvx7Uw6+z9gi+/utfV54VxE4E=":{"valueMac":{"type":"Buffer","data":"dNfV/SxWtXLhnOP6o1bPtp2RhT6jw5p816JuoCcitnA="}},"LI1rBCq3eJXBTTb8tay/9tHiRoAr0ycyCLlVHD4ZrTE=":{"valueMac":{"type":"Buffer","data":"qvrm8WRhYVh8gL/aWSep0z13effqZCKJyjibmDqrEcI="}},"LUN8UFArBWZzFzZXPhr3pJbK58sdduTnl/XAOmOcyMU=":{"valueMac":{"type":"Buffer","data":"8AoShVWMqVDNWAy2giPEXUk4bi9uN8sn1Nukpz78Rf4="}},"MP+4+3wZMZqIBwmGq4VmvqRkn7KFUNKwy6fC0vOah0g=":{"valueMac":{"type":"Buffer","data":"uZWgQW6yzmfAKTswLIRsORVi3ikJ22IgqTxMDegRtFI="}},"MUC5Upd6MlTvmayOIKM/n3/OvmbaT5xWykflawUQydU=":{"valueMac":{"type":"Buffer","data":"MXjQ+mGhQsgY9Lec1zzYIEiDTuUbUypRnk0qn2r5wFs="}},"M7W2I2gcKhEaMxKu1QRBhlBlMFR28vka6MiG0lWNgyg=":{"valueMac":{"type":"Buffer","data":"6DnsBb72vSKNI8xAwsyqo/pp/+AJxtY/eTTVT4D4fuA="}},"NcUfR+UOkKd74uAhB+P729rDuqtp2G8fLXp2rzgZsXc=":{"valueMac":{"type":"Buffer","data":"wTXrChPbsWlOG7zDXAMAPrV08uRQYRvA6pujY7KfDoI="}},"NtbIpOVo+1n+XCkF+VP1kHuzj1amkjFlVjyyyWbfyUQ=":{"valueMac":{"type":"Buffer","data":"1y5ORr5OJBgsgy85+RqxEwwxkioxCg6bHcKXBsH8k88="}},"PG5hKOJF61dXAOXPD819wvQy0z4ybQ4kphXg0hZ1y3c=":{"valueMac":{"type":"Buffer","data":"jYsOtdEbJP4J3lYuBJeS3k1WJFD6vKJ03lAxUdXZDgY="}},"QigfKdn4tNsIXASia7DqUsIZlCPb/mzLX1pog3/I1uc=":{"valueMac":{"type":"Buffer","data":"+RTL91gzVAwFJ0LHSbGnYLXGcBITyHpy4PLRAuyR8us="}},"T8q3l1A/cx/jNUCocMojE4jR3IOoSYTpVhE578GYoWg=":{"valueMac":{"type":"Buffer","data":"9Yx/IZZRxVoaVKys7W3UcZhnHRI1iZkQG569X4SK054="}},"U1RpfDTNC3WaFblw3mkQ3kdFgu3iG3SsPqRJuY8w+D4=":{"valueMac":{"type":"Buffer","data":"b08jVrHRDoWGutTgjoe1ptSSQTzbHuko5cyb6lBXEu8="}},"WBUC0xgybJO1K+Euk78/9zhnW8zZ1KAtt2ZO0QnksGY=":{"valueMac":{"type":"Buffer","data":"W88L5+XUMytQ0t5pvtj/89EivZsstz7HABSREfYZ838="}},"WY11mLusu7yu9E3EZoI7uDhfgqwRlSgxf4aZpca78dI=":{"valueMac":{"type":"Buffer","data":"sX9RpKfWwHSEHMZyB+JVTW8e8IXjWzaTbRtHfUceMgw="}},"X2Jt+UCom2j+gFgZH89sYNB0R2gLWaiVMACZbhBP/yU=":{"valueMac":{"type":"Buffer","data":"2f5rjJMdmfYZy1A+xlN9vfkMe91uycX9JsAzQGPX2as="}},"YZ5YDeLa8im9qPehLy1rVy22eXRPpKkWcsiBYrAlQHs=":{"valueMac":{"type":"Buffer","data":"1vLOjvnAW9YQUiofZtJACuAkOZE96ntRwFadXnDCYcw="}},"ZT+VzgH1j2DEb7/qTQ80EUY5e2v4A4Wp327Neb/85qE=":{"valueMac":{"type":"Buffer","data":"yiaPB78LghSMMjM35F8owG0+OZfPr+M9ItHy14VTJXo="}},"aKjpR0ujAS8cVHmOHITm1KepUb4j1waX48p1cnsr970=":{"valueMac":{"type":"Buffer","data":"wmfmnAZgD5IwB3vUr+HO7naf5u+Vbd0UA4UAsQ+iZk0="}},"arbjPFafn/AR3LJZpO6f01PaajSgVhnGftsGQuClkfw=":{"valueMac":{"type":"Buffer","data":"1SQCFGsXihL63jadKhj02h2Mlgbp2TDa+FpW+cwYj/U="}},"a2+Nj8OERbUNwGJgnWZ78OjnXrH4i4SiF7ymDaXGYdg=":{"valueMac":{"type":"Buffer","data":"aTNJqjBVfz5MApjMLDQWr3jPiNvNL/DvE5qJ87DIkGE="}},"bVK3W2uF+7rEMWhHDNrKySV+PycJ3plPQuKu5r/YZsw=":{"valueMac":{"type":"Buffer","data":"vZY4QQVRPtZEkDH9/6dWF3zw0Xt18edxM+uZJlRlm4U="}},"blyuB8CE6rnV8qcfJOcF6T8+US4XuD9B7wvSUlrfgK8=":{"valueMac":{"type":"Buffer","data":"It534Jcm+tQhIxSHRyABURp4JJK/CWjYvNUDhHsS+m4="}},"bp54Nab/ozJ8douiswHajHBLihQGbz8MyNUFdiCOaIU=":{"valueMac":{"type":"Buffer","data":"jXdeEF+sr1SjYzFOUesbqKeA6GuOTYiBOVU7coeOW7U="}},"cNtNzPw4Bi38l2OJAwIa6eOQqGpgNRo67TnMh0ZmnrA=":{"valueMac":{"type":"Buffer","data":"g7Q8tkKrkUhCeet1M1cyYBtcC2yC9Gzris273t6wN1E="}},"cRINnQAlG4Vi38II8UaCEGic2r7c/D1qZS0EVF6rf6Q=":{"valueMac":{"type":"Buffer","data":"SK2gjEnxveqbbz9e1G0kghCV3vu5yveU85Xin2BzW9k="}},"c9A+uWqV/HTfrdeH/umwL1vOSMNYnVnIMqpz6GcHQt8=":{"valueMac":{"type":"Buffer","data":"jnOKs27QUUjMwZuDUqcZN70X16b/Fo279dO6RsokFRI="}},"dI42TCEgkEZDiJekuihtBN1MoI60wJUElT/RKZi3qGE=":{"valueMac":{"type":"Buffer","data":"Ok3mdOJ+zOxMi6Pd5ygCcNeSgus/Bw2rfs1tMGSCpyE="}},"dn8DFRXaAuAMAd0FP1tFc7DVKRRMCVkX/uLj2jfEtpE=":{"valueMac":{"type":"Buffer","data":"lVSVc1q12Z1Gp47NBYCXTmS5xLQkesqVpg5NpJD+v/Q="}},"d+OUjSZulc5V3LUjjnTbZCw3VsbcuZS0i4ZevDo2NPE=":{"valueMac":{"type":"Buffer","data":"4A2E7OfhkZsm5DrLBVmF/eTdQPg8qYSANQ9OT8+0T1I="}},"fWPtmJgKQF2L70ELSinKLRFcI/CR+WLToHkGI+cq15c=":{"valueMac":{"type":"Buffer","data":"2o67VED7F1J840Hj+zVqn/QKfqxTkXkyCR9nYjCz7WU="}},"fieNR7pXTzekRe8Xh1IttCtOVjv/f0+vbow+LXEH7OU=":{"valueMac":{"type":"Buffer","data":"07k/PhA3buy5hT/wJ/NS+2uaqPVq+PfLpNmJUM1Wey4="}},"foeeBlnwZYWh1XMBHydS2tiMzmw8zv+DXYzVo7wSqGM=":{"valueMac":{"type":"Buffer","data":"213sRvNUfog/nF9G27uMWa5GckjCC8XoKSnB6PHplDc="}},"gNoOL2e4gFt+TO4t5ZZmOFXGNrSDU9DANudrVxQAYdo=":{"valueMac":{"type":"Buffer","data":"OALN48QIRxpL8wt6Ld6cotyJmj4hPM7u2+d3Y5BrhMA="}},"h/LC5GhcqY2y4MIWOsuQ+hCYqVib6R+L4RgFR0kIVWQ=":{"valueMac":{"type":"Buffer","data":"YTa8xtevZfW5Gid3SBVW3pmCqCr95/fhoRUZFTB8IrY="}},"kKkR8/phF7yiBhJN+UbDjQ/VtAcsKjOn4BCyjyDBvtM=":{"valueMac":{"type":"Buffer","data":"CbNXs/spKe5YHTpl7lIyXjwG8KxlNR5k2j4AnETK+p8="}},"k+QD+Pyl1h9uHOdk8n78YYtIQrdzuQRikfEKIcx9Irs=":{"valueMac":{"type":"Buffer","data":"bV0c4UjgVt0L+07pX9p6ESlAz0Qc/kce79hggSBzCx0="}},"ljVQ8Oh5IPJk6j6wULTCHpReyIsre+DQJ3SZec/GfdI=":{"valueMac":{"type":"Buffer","data":"YaJ+zJpt+Zd3HuAaJVa3q6huricG5aE1WYu27ESULzo="}},"l10sxFxyp3xMvkhB9Yj7WBelHJCSxU3bpuI+jEmkDdU=":{"valueMac":{"type":"Buffer","data":"CEzFuDzvjEsa/PJJWB0GeFGLBZi8H+oiuDyekuwTQEY="}},"l+pYvOfzbxeicZ8NcEJafHCjrGt318/w0lpwR2WgvdI=":{"valueMac":{"type":"Buffer","data":"hI18ZHw/cH/XTtps5/ZuAD24mP3CTM/6/4g3LF0iuS8="}},"mW6K5wm4Tev/t96cX7cWa1CcLrmm0rKIW3t6AMhnxvo=":{"valueMac":{"type":"Buffer","data":"9+g+jwNSb9HK5zTrtFItnsKExbVajOYROLO1IC8J8to="}},"mlAzf3XaJOty+/3trraRq2FYCmF7gRt2t1ZYrxaFRhA=":{"valueMac":{"type":"Buffer","data":"xg6YeTrxtUFKb7sCx36I5Pd3RuT7uDKmi7qiDpz53iY="}},"mnC9S6kDhOliqCHCY7cNK3E5OI387yWomHZ+CYhHV8U=":{"valueMac":{"type":"Buffer","data":"zg4EYDPVmXSoFVK3pjjtikW8NF/08pRFv+ougL91gWw="}},"m9+bVqKliK+w9NBEow+hJ2bd+VZG7N1cvd2zLwhFJYQ=":{"valueMac":{"type":"Buffer","data":"j/JEnKiLRNb79kk6kUoToFqmtFQUJMu5gOGaGfjXJ4w="}},"nffrxXJloBNoohGSfnV3i0ZxTDGVi0NHI/MI/Z/OTqE=":{"valueMac":{"type":"Buffer","data":"m4Llpavfvn0eTcsuQL4AcUyT/44iaQIztbLVmbONOTQ="}},"oPpXHAm5J1s/K3D3hAr3gkajeG/9iX9mP2K+XgSg9Ig=":{"valueMac":{"type":"Buffer","data":"jk2vCmz9Wg2A7f1K5HCi+S1dD1UiZYTbXFu9sBEA4Zk="}},"okfv9Jk4pzUt6v9z1pA/m/wiZbjZMWaCsIxquI0hXGU=":{"valueMac":{"type":"Buffer","data":"FujVfpVN/AAhSb1MhtfjxyaMwy3nEXQNtl1J1dQaBxw="}},"pUvYZ+ISCW6SYeGbwD8ufGM8hWWaBfMOPq3LFGl49YI=":{"valueMac":{"type":"Buffer","data":"nLaG5/nu29JdeCNLqvSUh7DAdmbPkXkhiROpn/hsmmQ="}},"p/WUjjWsua4EYmVu/7k2xlecirfxMc3imv99bXXhXqE=":{"valueMac":{"type":"Buffer","data":"Wo0G3GWRCoQ5uDvstaW1lAovWPlpLp+oFiilYDHcQ+0="}},"tVNECLQnAFzYWdTsMWGTQG4cupsdPMjKJiVo1b5OZ/Q=":{"valueMac":{"type":"Buffer","data":"Qx01suj22mtEYXV7IUxuIAvzVu9QRqqOafMRmjooffY="}},"t+h9KHsUbU/7A+XEZEbkyAWV95ujCnqV5vLFKgq2HyE=":{"valueMac":{"type":"Buffer","data":"TO3v1bXU+43IMD+608rO6yoRbyIITs9XFqbhxY4pElU="}},"uG3/2gVNXZ8KMliKcP1ynh32o5ROi0Qg497VG2IHs5E=":{"valueMac":{"type":"Buffer","data":"YA1Zzn7djbIqDA8CWwxBtYjvoe/qUrv1SFbv1l4A2jg="}},"ureHf3QKllhWQQYnbRzQQ2ajLVLOkHLwFiVfpxctuBY=":{"valueMac":{"type":"Buffer","data":"vclCpGfR0H3dJWu9WzW3X4fH6OeOK7MUlq5fDX4CZFs="}},"vOTKsb07eYooFxdGa/7pMeT+wuLC4UVx4QiowZBkRqc=":{"valueMac":{"type":"Buffer","data":"AP8v8OUIZcLWT4NoEcMOPbDBDbf042Ob2EjaCvwt2AE="}},"xymxtOg89PKBxogh3GfdbU+X1QVWlsfl3AWEbpe0ukE=":{"valueMac":{"type":"Buffer","data":"bQZPo8uQVKL6Tet5Ke2wGBH47wia+FBobceXgZWJxnA="}},"zP3P6q9qNUNkanuFxT6OLOJ5pTkMQOcQJDDIdXTNvTw=":{"valueMac":{"type":"Buffer","data":"EuwDs3YCfgMXjk00OiMIEuaa6RAC6PsB/DV6eFqRD6M="}},"zT6dHqsa0RFGnsN2CmF0zMPGxCNjNhjR385C0LRvUto=":{"valueMac":{"type":"Buffer","data":"0usxxTcy6rJhwLYnnakdmkdcUU8XQx/fpEXZya7S8jY="}},"zhdr4jn9G7sKXyx58HZ/A1rdM8hG3sZ2ubUFIyfAykw=":{"valueMac":{"type":"Buffer","data":"8FaiEtPD9dQR8S+yfdn9lCvIzQQidO7oC3eJUEOgQeo="}},"zrWGaOHEhAc5RrFh1NwQU+1BsgTu3NISN/daf4VBhxM=":{"valueMac":{"type":"Buffer","data":"biDamSd3YxJuxtuGm3iQAQsXbSE+EQbw63UEEpT4iHc="}},"0YdC7Gwc8KukQK2R47dXbDrsyHAr9JiK+XgFH+YCGeM=":{"valueMac":{"type":"Buffer","data":"0Dkb6pKrjSTUUUmBFQWd2HV3iQtkDLk3e3FEKxBT1js="}},"0n71UXkP/1lo7PEYsWHY7bZOZthrAsW7UR4dKJ6n2bs=":{"valueMac":{"type":"Buffer","data":"1r6nyzyB+stQNYNTPK8a3DJSkVAKxAQ+gNPXSJf2dbY="}},"0p45lxMpOJQkmQMu3FH78bAqXKr1DF9hR/hMsE5+y3M=":{"valueMac":{"type":"Buffer","data":"1aj7Vnb6QgduQJv6zU2xSjDEuNQ/CcU43xXDBdS0ulk="}},"0xsKtM9KEf8MnCa2B3YLH+NDQ0PV6SAnuH/ZQquo4iA=":{"valueMac":{"type":"Buffer","data":"dtzwX8gKqBazC45ZcG6nuLF9mki38RHMal5ydgx8ks4="}},"1APv5aBLw8q3V5Tega0osC/iswiGPRWjZZ6QV9Z9jVg=":{"valueMac":{"type":"Buffer","data":"+ETQooBRs+qiyQAmLGVndhNCNRPiyv/H5yXHwTgLepA="}},"2g/uRjXky+euBdoKivFxn8eW6Ctibs+HzxyAqJOpH2U=":{"valueMac":{"type":"Buffer","data":"vUMFGh1X6TiddgDDvxy267wyKbKNIKpVknXumE+jgV8="}},"28tX5Tw0OK9KYlhkLMMlBo9pjivL029zMGbEKFJn5Xk=":{"valueMac":{"type":"Buffer","data":"rUi2lL+Q4AkPlP2C675vLPtFbWeSTkJNecXhYOWSaq0="}},"3YczQ/cIJyEPoTVEBcZUSnutOYd2jzdGJQZiTbau58s=":{"valueMac":{"type":"Buffer","data":"PKOtIhZHxoUvf5+dCFi2piXUhQqnSoQNc7bJ28ynMxw="}},"4ro4W6vSjTQYrhg8eAgngcUNIWB965F9YALibUh0rd0=":{"valueMac":{"type":"Buffer","data":"K6R8+G1CgXKhhn8mMQXD4QIJCHeM7MhU6PpjVhULuPY="}},"5mqlirWW0t8Ap1zTjGNc7Xoxie/6PWbEyiVT9FmyXnI=":{"valueMac":{"type":"Buffer","data":"m/GwTdIrB36YSZ2dazRWeO2cOgouvrS5ErIFlLs2Ows="}},"5ysbdYZgvlssca5ddRqk+uyCe71zC/3w0wt9kPoaWjM=":{"valueMac":{"type":"Buffer","data":"m+tDgxpUz5ohJmN6hxjbOPHQcZEcCZMDZqmldCX5aMs="}},"59Nv0YB6mqcPZjnl85vo/se4qfzyFMCpa21Z7YSuilM=":{"valueMac":{"type":"Buffer","data":"pfus1Q3tFJWbsFNahdhneQtJ5c7OJedifpfAa0qndv0="}},"7dxgu6auzIu/Vol6q5I19VWc86K84p8OX7lTZnzEqcI=":{"valueMac":{"type":"Buffer","data":"Z6miOZvmEY895dlDguJLLLVvEB2mbMM/OpKZdNmliA8="}},"7zKa8aopEyFRTwhj9pS8GBMi2qv0eXN8kC3Tpzz7ZOI=":{"valueMac":{"type":"Buffer","data":"LFXib7yhF0PtatFNoDVmo+u2y45dggmCWXdMDqGuB5k="}},"8BffAikq6a7/L38R5g/WLZhgYnTvV+g1WhT1Gr6m3Bc=":{"valueMac":{"type":"Buffer","data":"fzfbaJMQgPRN8FRcj0TfZ2UiPRZbTJsCH/h7d0nJOmg="}},"83n3GPZso/J/emT1lV7+eZbtYVzIbs+ZtaOYLB+0asA=":{"valueMac":{"type":"Buffer","data":"1j+tLrOaADeh36inPuvn8JyPS6X+VQpJXkW0RheiujM="}},"9JSAtb22Ld/hS9dghI7EZf9ikV1YYX6gODsmx0ujPFI=":{"valueMac":{"type":"Buffer","data":"TCapfcfvG/vV9Nd6JQyVz/v4e4VKt3ZuKuadzQrF2tk="}},"+m/z4SfBVDxc0J53eSwmU1SUEgkh2P5zMB6DN4N3TNc=":{"valueMac":{"type":"Buffer","data":"YdxVfmZ4mmpVbXwOVxJjCUFgteXSL66dyglj07iJXps="}},"/5wPmmWFfMykdWLmGBVahCZfPG935xF2v9brQPpxN3I=":{"valueMac":{"type":"Buffer","data":"jrjkJBBMAMv1y83GC277oTI3Pu8HzNncofTJwrA+rZE="}},"e8bA7BgANFyl1HM+CThpG04YsfG7vdpG8YxahUUi1sU=":{"valueMac":{"type":"Buffer","data":"nMowFK1xkNQB4/S3g+7AMuhpp9VrNtQdOUqv0A1zDw0="}},"jXyma+ssq4KH40rM1t4bigpZdYMARafXP9TPFoyojXM=":{"valueMac":{"type":"Buffer","data":"FDWhajk94aohRrfICplIS8ax87M6ZbV5qtJl3HCe004="}},"c2u80dUMkLWunECAne/ySmZSOa+FZRQotWNx483v99U=":{"valueMac":{"type":"Buffer","data":"pW8Ov2YFZTEIHe8+leqhh4VxsnGXW/VF0pc7ZxIiYq8="}},"Nvz77vJ/6T+LbAz6yjj1nalBso3NvzRxrj0cvnHwpaE=":{"valueMac":{"type":"Buffer","data":"+XHIL+t0mmgDRGqWWwHeCNc1JxOCpgByFyGa+FPGyfU="}},"U8M30rtiGfmp9WVfzpIA5eSfIInzhHXDMist+3if5MY=":{"valueMac":{"type":"Buffer","data":"EkAc/5mUP0l+r7/VpHBc6FRuKh6s84iu4Od41HyyiLI="}},"utfkzI9TNuYns4w8iXSJhpi2IFsb8UlD6MktgOK0ZOE=":{"valueMac":{"type":"Buffer","data":"ZbRaYd6P3g3F24kmoi6XO79mhRWsjpTjXUJGM9wQMS4="}},"SgacAEd4VWV/48z/HyjyTYTQYlw5cRrwjCdE/sVVd1M=":{"valueMac":{"type":"Buffer","data":"WXICVMOBcvNDryP0F8bO1EEhNXkk0qfYDc65EHFZ3mU="}},"5nIcCPs5MKkEgWb9YH87n2EDYhyG6NL8I2wOQ9JXT3g=":{"valueMac":{"type":"Buffer","data":"6esn4qZkinrw7FNm5RpDIdyFuF4FoVjLrezusqR/hpI="}},"i3xUZKCUkjGKRKHra+DxIkJwGHKJc3VcW2nEAq7e/Js=":{"valueMac":{"type":"Buffer","data":"cUqU0CjIJi2Om1u4Pck+XQ2c0CgBsKh1HXBe13gFqYM="}},"bwFH5dGB+uAsRlRgZoEh73evKtqoZZvbkqYXPcob1M4=":{"valueMac":{"type":"Buffer","data":"p/6R8sWRvg/rwTwmmuJKvuSbolWpirlOwx7IMG/MbKc="}},"mDJamHxmyD2dQXwddNn8mtqExAzv6LkihkTHUzJhAdY=":{"valueMac":{"type":"Buffer","data":"EzZL1GBhWx8vFuktq6R8n1u4LNR7bjj4Q7ynSjoW/T8="}}}}