{"noiseKey":{"private":{"type":"Buffer","data":"8D6V3keHbqSz5M298FfKY/DnJKHhKcYEra6L7dRe1Es="},"public":{"type":"Buffer","data":"kLjgGZ+6qzuwmJmXdYolDIrKCKIqWHiNfq6YtEixgDM="}},"pairingEphemeralKeyPair":{"private":{"type":"Buffer","data":"OKmaVRaiXHOG6bssen1XOnbavsGVI9lBUZq5Be0BlEk="},"public":{"type":"Buffer","data":"gDhffWdxeGNbvJtOnCcqzfh7b4BjWeBRKwWNkbkC1Bw="}},"signedIdentityKey":{"private":{"type":"Buffer","data":"MLK1hb9do2Z9y3D07ALxhmVwpnzRJ6C2yv2vRZ0sq2w="},"public":{"type":"Buffer","data":"LAm+Z2U36xU53dd7g221YFqCiPGSwHgzFzg+lfr3UUg="}},"signedPreKey":{"keyPair":{"private":{"type":"Buffer","data":"IBklZvzXl1vuSd/fp/vzETakaotbAws0qxK30BU/P1U="},"public":{"type":"Buffer","data":"U8I2Gre4r4JL0YlJE09xvmYTg+SIdV1HirpI2th1ZhM="}},"signature":{"type":"Buffer","data":"79qajFxmcWhs8UbYyz3qtwF3ot/X4/KuojzblqQGR/fuO19hXVIqqxSTpiC6ymx8ZN9rUdqxZeq2AaIYtGUmgg=="},"keyId":1},"registrationId":55,"advSecretKey":"OOGfcrodWAauDQ0TAwRsb5oUfMwqhuiFRg2f6XL9+Eg=","processedHistoryMessages":[{"key":{"remoteJid":"5522981655859@s.whatsapp.net","fromMe":true,"id":"F69394798721C73A45FC4CF73E1C3C4A"},"messageTimestamp":1705774113},{"key":{"remoteJid":"5522981655859@s.whatsapp.net","fromMe":true,"id":"E694AFE8426BB51EF47D36B19A08649B"},"messageTimestamp":1705774113},{"key":{"remoteJid":"5522981655859@s.whatsapp.net","fromMe":true,"id":"59EB68B3EBC17E0444A4024568637A90"},"messageTimestamp":1705774116},{"key":{"remoteJid":"5522981655859@s.whatsapp.net","fromMe":true,"id":"44C3A0B7B7994BF0561202A0743DEE07"},"messageTimestamp":1705774116}],"nextPreKeyId":31,"firstUnuploadedPreKeyId":31,"accountSyncCounter":1,"accountSettings":{"unarchiveChats":false},"deviceId":"G_iuDgN7TyeBuXjYyNzb9Q","phoneId":"14f4c490-284d-4760-b894-ab7e9260b61f","identityId":{"type":"Buffer","data":"4OyKEh4FOla8HWeXn4j0mJc8IrQ="},"registered":true,"backupToken":{"type":"Buffer","data":"hp8nF3MsyP66XBm1mfXaLS4qOF8="},"registration":{},"pairingCode":"EQP73F9T","me":{"id":"5522981655859:2@s.whatsapp.net","name":"Stheffany Bot"},"account":{"details":"CN2s1sMFEJyYsK0GGAE=","accountSignatureKey":"Ve6QxYCJP/NmPKYgNqSrFaXA3Fr+cQjoHdsDnoGfXVE=","accountSignature":"8jXZ0LBzZw/6cAX+ZpdiVcCnhaSjxt+tH/fBwINgtUGR6mh8S8QmhgVsslmtkUbETN/yamAwD5ap/avmA5ukBw==","deviceSignature":"aAIQUSK3jCv4fv0vemZeteyQLGsI0R8f7ySu9flMg44VLE1OVlbw1FNH39s1wvbf33zlMA3EYKtOWhYBKaM8jw=="},"signalIdentities":[{"identifier":{"name":"5522981655859:2@s.whatsapp.net","deviceId":0},"identifierKey":{"type":"Buffer","data":"BVXukMWAiT/zZjymIDakqxWlwNxa/nEI6B3bA56Bn11R"}}],"platform":"smba","lastAccountSyncTimestamp":1706109002,"myAppStateKeyId":"AAAAAIPq"}