{"_sessions":{"Bc2/AvGIxCPO0X8KYxez1hnv8WPQMh3jO3O5zk8hh+QX":{"registrationId":650225253,"currentRatchet":{"ephemeralKeyPair":{"pubKey":"BVxG8b2LMZ2pEyn25zJ7XSwnX+0RQKdQpsbtEPa8dYIR","privKey":"CAgzckYmdA48nZNQW8MoyGN99NKCvSZ+0JSHTWDNMlc="},"lastRemoteEphemeralKey":"Ba1Gg+bUX4fGO0M7SAiTqUZs8cRQjnf4WlVN6b5piKID","previousCounter":0,"rootKey":"SW8ph2jDxV9lNpz6cUNHR8egPvWlbHsg15clQwBDzvo="},"indexInfo":{"baseKey":"Bc2/AvGIxCPO0X8KYxez1hnv8WPQMh3jO3O5zk8hh+QX","baseKeyType":2,"closed":-1,"used":1705774113962,"created":1705774113962,"remoteIdentityKey":"BVXukMWAiT/zZjymIDakqxWlwNxa/nEI6B3bA56Bn11R"},"_chains":{"Ba1Gg+bUX4fGO0M7SAiTqUZs8cRQjnf4WlVN6b5piKID":{"chainKey":{"counter":8,"key":"QfSa/Fe30KJeyzCxDTARcQgezv6SEQy4kA5mm0JjFqs="},"chainType":2,"messageKeys":{}},"BVxG8b2LMZ2pEyn25zJ7XSwnX+0RQKdQpsbtEPa8dYIR":{"chainKey":{"counter":102,"key":"XajbptAW+2stSa5TnG1vF1otheKTP1X/eNa4T9znLAA="},"chainType":1,"messageKeys":{}}}}},"version":"v1"}