{"_sessions":{"BQ3dPbt8A9fobuvQhu2TIDpK/WL5d80Kwtc2fD2B2Stz":{"registrationId":1188201232,"currentRatchet":{"ephemeralKeyPair":{"pubKey":"Bds0qfmpL1V/dbr+eO0MuizjZPPj/0Bwu98Z4B90fkdF","privKey":"AGhYoa/GAC0bPFH7sJ+faYAjCQtLZt5GpMQNImuQyH8="},"lastRemoteEphemeralKey":"BRbhc9IAVxK30QdEAoAxo0RGB14PD8xfr8jQTvSYpa5w","previousCounter":0,"rootKey":"fySRtGROH6fTp1FBtK0zG+NAgXuEpKr4cT/X3doc1O8="},"indexInfo":{"baseKey":"BQ3dPbt8A9fobuvQhu2TIDpK/WL5d80Kwtc2fD2B2Stz","baseKeyType":2,"closed":-1,"used":1705776235418,"created":1705776235418,"remoteIdentityKey":"BYiHz0BAVRpq08wLJbtGdiqHg4mSYZwNWd1JVreJZ80t"},"_chains":{"BRbhc9IAVxK30QdEAoAxo0RGB14PD8xfr8jQTvSYpa5w":{"chainKey":{"counter":0,"key":"bwjakf7UUHd/ty8IEamzT4Tt/MAqFFTubiovd0WQOwc="},"chainType":2,"messageKeys":{}},"Bds0qfmpL1V/dbr+eO0MuizjZPPj/0Bwu98Z4B90fkdF":{"chainKey":{"counter":0,"key":"KEP6FVtpWqbbrT++uJXvO9LM8J0nHvzHjHZA6kJvcyI="},"chainType":1,"messageKeys":{}}}}},"version":"v1"}