{"_sessions":{"BTAE58IpHX0rSSJbn9kYW3SyfU3cSJWeax2LlzIMuMJA":{"registrationId":1676099543,"currentRatchet":{"ephemeralKeyPair":{"pubKey":"Ba0LuRwjWCQpajUqtBYL1O3CMGtwEt91zBuLnSdzJNhR","privKey":"4M8evdBASGV/eIPQ3zhe5ylbr2P7Ekcq+unzuoXRhnI="},"lastRemoteEphemeralKey":"BeNY4E5ZnKOT5+xwSLl3S+v2nrffuiAd6rSLK/1rjHMR","previousCounter":0,"rootKey":"qtnlze38201QPqxLBHtlYTYvb6eR+r+6ECjDoBCiz6M="},"indexInfo":{"baseKey":"BTAE58IpHX0rSSJbn9kYW3SyfU3cSJWeax2LlzIMuMJA","baseKeyType":1,"closed":-1,"used":1706141492464,"created":1706141492464,"remoteIdentityKey":"BV62AttBrlkExoQKTCSBdRYH4SGQcRollROJc66WugNB"},"_chains":{"Ba0LuRwjWCQpajUqtBYL1O3CMGtwEt91zBuLnSdzJNhR":{"chainKey":{"counter":0,"key":"4sH6NxqjBJQAbFKCo563E7uR74ot3PpMgLplXMGY/pI="},"chainType":1,"messageKeys":{}}},"pendingPreKey":{"signedKeyId":9,"baseKey":"BTAE58IpHX0rSSJbn9kYW3SyfU3cSJWeax2LlzIMuMJA","preKeyId":11426653}}},"version":"v1"}