{"_sessions":{"BRPeyFdtxaHfijR1bVjpzh3RlJqsZW3DFuiD5tAVG5su":{"registrationId":1807001951,"currentRatchet":{"ephemeralKeyPair":{"pubKey":"BVvmyg4gqF19ppjvME8Ed8AOPsTO4VEN8MpA4EFEtF8s","privKey":"SFTQPUi/s4wdjxYmnYtaznC3Hr4POAsz49Yf3sjAnEQ="},"lastRemoteEphemeralKey":"BSJ7RsncZBpEIxmTN/QAqKiyNfSehi4RZsa8GeYPhKgJ","previousCounter":0,"rootKey":"ATyzrSIyfquYz5gvU13ItkGtFF8sTU/MacVPgDqu6Mg="},"indexInfo":{"baseKey":"BRPeyFdtxaHfijR1bVjpzh3RlJqsZW3DFuiD5tAVG5su","baseKeyType":1,"closed":-1,"used":1705893093257,"created":1705893093257,"remoteIdentityKey":"BX96Cbk9Zfq2h9H4JRvziRq71UU5vpZuIF4ant2bJChe"},"_chains":{"BVvmyg4gqF19ppjvME8Ed8AOPsTO4VEN8MpA4EFEtF8s":{"chainKey":{"counter":0,"key":"bO2Zw05MZydWSbQvXC1kqhAkje5Rsql3ieuGfOaMs10="},"chainType":1,"messageKeys":{}}},"pendingPreKey":{"signedKeyId":1,"baseKey":"BRPeyFdtxaHfijR1bVjpzh3RlJqsZW3DFuiD5tAVG5su","preKeyId":7789763}}},"version":"v1"}