{"_sessions":{"BckS830FrYMZvi3lnUETjqez0/ntZUcfR4Q8P/ICjWpZ":{"registrationId":66,"currentRatchet":{"ephemeralKeyPair":{"pubKey":"Bcn95VSZkEwRwdaVRnmbMQT/5CDsHRBDRwPOxMtVKBdB","privKey":"CN8OMRLib6JhSjYKShAAIGuUaiNfxJtqqcMkMF0wNVo="},"lastRemoteEphemeralKey":"BUGzSGYIGwXZRZb3RATgEsKe0KbuRJBIKzbSeJbbZ2xM","previousCounter":0,"rootKey":"PKlSJxT7UzQkqDDBS6gzFp2JovzVxjEjNwixJJbo1xI="},"indexInfo":{"baseKey":"BckS830FrYMZvi3lnUETjqez0/ntZUcfR4Q8P/ICjWpZ","baseKeyType":1,"closed":-1,"used":1705893093252,"created":1705893093252,"remoteIdentityKey":"BbJS/Ksp2t0Xte5GooF5Z8y9Krof4+nTnLbc9KwNk3EM"},"_chains":{"Bcn95VSZkEwRwdaVRnmbMQT/5CDsHRBDRwPOxMtVKBdB":{"chainKey":{"counter":0,"key":"RAxNunWla723HvO4Fo0LD0lfazjp0NQ2AQ4dFZCSqiI="},"chainType":1,"messageKeys":{}}},"pendingPreKey":{"signedKeyId":1,"baseKey":"BckS830FrYMZvi3lnUETjqez0/ntZUcfR4Q8P/ICjWpZ","preKeyId":81}}},"version":"v1"}