{"_sessions":{"Ba1RPNTl81jD6zV/DZWAkGrRNMFWQkjxr2CYEX1frApv":{"registrationId":1872017394,"currentRatchet":{"ephemeralKeyPair":{"pubKey":"BeE4fI/HY6qodcSdY13JoBkHpoe1qMwloElmEd1S8LYB","privKey":"QGtyZabqwPGsOHHEUJCmuYvIy5zF9IM/QmA+hKnZrGA="},"lastRemoteEphemeralKey":"BeKDOAF+6CgBZUETwumnoDdyB3xJ0d0LSi7A0wzCIPoL","previousCounter":0,"rootKey":"xb6ypY2Ph+UmJMRAkNPt4EmxJ80PHgSCOdjsjo2br7k="},"indexInfo":{"baseKey":"Ba1RPNTl81jD6zV/DZWAkGrRNMFWQkjxr2CYEX1frApv","baseKeyType":1,"closed":-1,"used":1705893093255,"created":1705893093255,"remoteIdentityKey":"BSsOYAl2nK8uu9jPsxqhIdaVkLbIwSnTsqEFVeRN3JBG"},"_chains":{"BeE4fI/HY6qodcSdY13JoBkHpoe1qMwloElmEd1S8LYB":{"chainKey":{"counter":1,"key":"n4F3Z3oBQkWQkLshInprhzhaXU1fZZ+k3uPyHiX6lgg="},"chainType":1,"messageKeys":{}}},"pendingPreKey":{"signedKeyId":5,"baseKey":"Ba1RPNTl81jD6zV/DZWAkGrRNMFWQkjxr2CYEX1frApv","preKeyId":3650575}}},"version":"v1"}