{"_sessions":{"BXlXLe3rrXdim0O4qT1f+E0KpQpZvII9PLi5dYmhkjoP":{"registrationId":7901,"currentRatchet":{"ephemeralKeyPair":{"pubKey":"BXHeqNviVhan0cNbCjb88wDJAMPlcBHrKlm8wlHGUcMY","privKey":"mFKyVqC3+b27wx79Q7k1V6L1ddZMHcd9fVBSsSChZEE="},"lastRemoteEphemeralKey":"BYNCaoV9ktJ9Glygeiw5yw2iRPg4kAJtVVuBShfB9FQg","previousCounter":0,"rootKey":"MLvzguJY3AjymJAtgg6pgTZBGaFwXBisC7Pkr0QIFxs="},"indexInfo":{"baseKey":"BXlXLe3rrXdim0O4qT1f+E0KpQpZvII9PLi5dYmhkjoP","baseKeyType":1,"closed":-1,"used":1705893093243,"created":1705893093243,"remoteIdentityKey":"BXLQHZPnpmE3dNjWRIQRZbK3ZEVyNHsJ1NgbpyguaWlP"},"_chains":{"BXHeqNviVhan0cNbCjb88wDJAMPlcBHrKlm8wlHGUcMY":{"chainKey":{"counter":0,"key":"/AFMg8PPkI5YfBHBfZ8HccLYR4kzp0TTSnytet/Uoeo="},"chainType":1,"messageKeys":{}}},"pendingPreKey":{"signedKeyId":3,"baseKey":"BXlXLe3rrXdim0O4qT1f+E0KpQpZvII9PLi5dYmhkjoP","preKeyId":270}}},"version":"v1"}