{"_sessions":{"BXnbr8FuXA8LIwf9/rRLXR+izTJwA5bf0OtwRJJP1Ksa":{"registrationId":1640346977,"currentRatchet":{"ephemeralKeyPair":{"pubKey":"Bf9snNJGBerbkQ34LKh7Gt9A50PTf5ooR045CzlQoTtp","privKey":"WPJGKxaYfqp5Qts6o9XCnmu+0T0NTLnHUSYud23TIXI="},"lastRemoteEphemeralKey":"BROudSYbevpOY3+LsA2vM1950lKCUyAC4ktNi1pH2yFO","previousCounter":1,"rootKey":"rJXXx9pXUwOlrGtgMEW2cKjnshkPCFsKRjyt2ScYvQc="},"indexInfo":{"baseKey":"BXnbr8FuXA8LIwf9/rRLXR+izTJwA5bf0OtwRJJP1Ksa","baseKeyType":2,"closed":-1,"used":1706144640635,"created":1705775384045,"remoteIdentityKey":"BaVDvuf4hYeUBAN0dwuBqcWbHXtvLVbgrpn11QIFrehj"},"_chains":{"BeQWlJdRRKFD9wzX9ecqo4mnwDoRxzKwDS/t5IOTnv9V":{"chainKey":{"counter":0},"chainType":2,"messageKeys":{}},"BbDkWCfzDpb4tvJYD7oT3bS2BpJ8/AXxKjaq6Kgl5nxR":{"chainKey":{"counter":0},"chainType":2,"messageKeys":{}},"BTV3ppmZxnxJ1K8uWbEVxU35VKZxwxujJeePMOpGEDkS":{"chainKey":{"counter":0},"chainType":2,"messageKeys":{}},"BTIgX60j7xY1mqTDy2SiV/Mr6sMkI/l9annOwvppCXNq":{"chainKey":{"counter":0},"chainType":2,"messageKeys":{}},"BcCoSLCTC0GIu7P5dfsJARxdOSBtyzn5cfMfmJRzxBJ9":{"chainKey":{"counter":2},"chainType":2,"messageKeys":{}},"BSEIUUViQhQKbMkFzFwh014yS6309sNXW1o8Wk2syyQJ":{"chainKey":{"counter":0},"chainType":2,"messageKeys":{}},"BSbdCZtPa1Zqn0Cze3p8L3F+RDJ+SrJ0dbFzvXaqqmRq":{"chainKey":{"counter":0},"chainType":2,"messageKeys":{}},"BQItAhFIGMtb5ap0gVGYVlD8wE48iFnfG5pdIX7vl6lO":{"chainKey":{"counter":0},"chainType":2,"messageKeys":{}},"BVDdq6bYlpMzpYELebmevWvWmzg4maJ/vab7dpT6s0Z2":{"chainKey":{"counter":0},"chainType":2,"messageKeys":{}},"BUR4VrrV/Vpo/bRaM2D4vxgnTHR91d0rYuxtGlACdw4a":{"chainKey":{"counter":1},"chainType":2,"messageKeys":{}},"BYaeORq6eKAdROJ4HHli8ZQo1mbBKf72xfjI1XX/Kd4G":{"chainKey":{"counter":0},"chainType":2,"messageKeys":{}},"BccUXnBFKXiJQulfZ7//x93icQ+rYF2inX194/2LG4gH":{"chainKey":{"counter":0},"chainType":2,"messageKeys":{}},"BU5sL3asfcWi7FklRJ5SGYkLlOR8f1mb6tqI519/neBz":{"chainKey":{"counter":0},"chainType":2,"messageKeys":{}},"BflFmYwHVctM88woztqI8emqBS2ONhDwPVx+rKA7fwkk":{"chainKey":{"counter":0},"chainType":2,"messageKeys":{}},"BcnVvhBkqIdAaJuqFhDSYeACkzIGln/Fj+JIJd6L8ww4":{"chainKey":{"counter":0},"chainType":2,"messageKeys":{}},"BbxwHWDpmt+C5ZpBiDNGDZJfelRml+BGfzfzWbhRcjNb":{"chainKey":{"counter":0},"chainType":2,"messageKeys":{}},"BTq0FRfKyY/xq0WS0NgEBscKi2lYIaEwms98d9P/84V9":{"chainKey":{"counter":0},"chainType":2,"messageKeys":{}},"BZKf1c7tB7Zg02Vcq7ySeM8fiQ7rp+du7LdokCfRys4r":{"chainKey":{"counter":0},"chainType":2,"messageKeys":{}},"BamPQ6QWnmqcMStpFZGeuSjAM7B3LKzkZu3T6vrKtm0o":{"chainKey":{"counter":0},"chainType":2,"messageKeys":{}},"Bf/H4BXigSJ126DN3rzM23KkklP4eDUd5QZuYMqxKKkA":{"chainKey":{"counter":0},"chainType":2,"messageKeys":{}},"BUl5J3xdSpkpKJsEDQAqZFPJTpXR/O7ShZv2+AUXGoAH":{"chainKey":{"counter":0},"chainType":2,"messageKeys":{}},"BceUCMEEscNRBHCP9ww6s6p1EWeLgRrMI429/Iay48JS":{"chainKey":{"counter":5},"chainType":2,"messageKeys":{}},"Bb0C0DsW+szJjkeCEZ2Nm/sbTWRgY57ck20CA++u/Elm":{"chainKey":{"counter":3},"chainType":2,"messageKeys":{}},"BbgGfdhM5F01eETf+S9rfff4lvaxAQ+TV2QJbp3dKJ8d":{"chainKey":{"counter":1},"chainType":2,"messageKeys":{}},"BfWbqE+6JcOzGJekdDaWXKaaN7TCppW28QVqK7YU+9ZJ":{"chainKey":{"counter":0},"chainType":2,"messageKeys":{}},"BRJQVhQV5dQjInjENeUfWdkGCLN2dW9/RU9NdAD6Vl11":{"chainKey":{"counter":0},"chainType":2,"messageKeys":{}},"BdhFq+sn8+HFyarFkmcyz7TNdwUcRz1xooDAJra/SMYb":{"chainKey":{"counter":8},"chainType":2,"messageKeys":{}},"BVysRPp8uB2VqgaAwn7h16TyzBQnoFtxf7i1CNtgp18H":{"chainKey":{"counter":2},"chainType":2,"messageKeys":{}},"BfSwYu9uyJ6ah8YeXsdbIXA0pb+MJvtSQSlPH8T2oeZ3":{"chainKey":{"counter":0},"chainType":2,"messageKeys":{}},"BZ8HhrQyxHyA2h1GPMAMGRH/hn17tVJ0K5GR0MQpFh0M":{"chainKey":{"counter":0},"chainType":2,"messageKeys":{}},"BSKXdAn9S/1NgVXhF2k+0OEmPz6dljxqEm5f6auA+Mxn":{"chainKey":{"counter":0},"chainType":2,"messageKeys":{}},"BYALAjajCRcZi/ft0H9qLb+5uxbRWVANP27c3qtP7iRt":{"chainKey":{"counter":0},"chainType":2,"messageKeys":{}},"BSWH45iIF2B9ZC82lxTnpcm9NTZfXwqxfngefl78/5on":{"chainKey":{"counter":0},"chainType":2,"messageKeys":{}},"BWQbhNMhfxbWp82XdjhO6QzKSRO6BxsarxQOXOKf9Ch0":{"chainKey":{"counter":0},"chainType":2,"messageKeys":{}},"BYDqLGsGTx1qIIpyyhNUHJWcVPbywU7G7ocGohHxQaJs":{"chainKey":{"counter":0},"chainType":2,"messageKeys":{}},"Bat3wnKYs0dTXc/QQSokKP8Lyh53s/qumtFO/1/p6SBr":{"chainKey":{"counter":1},"chainType":2,"messageKeys":{}},"BWCWY/Zb2eeQtKEErwc6t1vg9XMgdPlAbhHkEmWcq5oD":{"chainKey":{"counter":0},"chainType":2,"messageKeys":{}},"BcNyr+kBcrePj13cJCBu+juCRvWD6WtLEop0u6qFfmoH":{"chainKey":{"counter":0},"chainType":2,"messageKeys":{}},"BfVBt+Xq0ovs6AqgHYasko9Ykw08RRro0j3ZyOELoG1Q":{"chainKey":{"counter":0},"chainType":2,"messageKeys":{}},"Bfk3np9K3tZcRYVhWhgfY4YyaJkY7gTIqNUIZ1zo20Fd":{"chainKey":{"counter":1},"chainType":2,"messageKeys":{}},"BbhKSuh8tBnzMq5fT4S+8tYElpKtHm9FaT5IzCpk185R":{"chainKey":{"counter":0},"chainType":2,"messageKeys":{}},"BaIV8ECqboGakhLRc35M69StS5w0w2oZSW9tuyhNcCdc":{"chainKey":{"counter":0},"chainType":2,"messageKeys":{}},"BZKLNPUyL8wP7Y/fayYRG0/lt0U1B2dcJmaWbGf9zyV2":{"chainKey":{"counter":0},"chainType":2,"messageKeys":{}},"BQed59+t4ekwx0oAXrVV2bwm0foo+aIDYCusMb4FvJNx":{"chainKey":{"counter":1},"chainType":2,"messageKeys":{}},"BZmvgLdcPkWy4jQDqCqNi0WFdJBbCapG6J72SXiZfH1s":{"chainKey":{"counter":0},"chainType":2,"messageKeys":{}},"BcHjUkmcNRAajz4oiDrL/kkOKf6Au/kb9oO91UPXEJtz":{"chainKey":{"counter":1},"chainType":2,"messageKeys":{}},"BZwOfbU8EhWXuVI/z5aXJg5KWAHohwaJUkiaprRC9QcC":{"chainKey":{"counter":0},"chainType":2,"messageKeys":{}},"BcCMcdH8RCmG+kJUsADXqdxXQURNfT666xH6GNSk4FsH":{"chainKey":{"counter":0},"chainType":2,"messageKeys":{}},"BV2/iRtA4zxlFjpL0Iy9dmEn5pBsy2QJ8vplhOhjKWtQ":{"chainKey":{"counter":0},"chainType":2,"messageKeys":{}},"BQAlU3ELvypkVH1AT2NMuGYElsx1bQpljxXOxVrwerg1":{"chainKey":{"counter":0},"chainType":2,"messageKeys":{}},"BX+fRTIEvyB6i7+PAlPdErzYqDvoIxcrudepTDnOLAM3":{"chainKey":{"counter":0},"chainType":2,"messageKeys":{}},"Bdnm6wUWOe5JDa6awSd/pQA48j3dfgUDCwvprjqQNX5v":{"chainKey":{"counter":0},"chainType":2,"messageKeys":{}},"BROudSYbevpOY3+LsA2vM1950lKCUyAC4ktNi1pH2yFO":{"chainKey":{"counter":0,"key":"SQoH1yAIc35c3Y90ufL3r/YoRQZTNiybaTHsOPi5I/s="},"chainType":2,"messageKeys":{}},"Bf9snNJGBerbkQ34LKh7Gt9A50PTf5ooR045CzlQoTtp":{"chainKey":{"counter":5,"key":"dEDdVenXe9Y5pf0MniBnSHdjqUha4KirLoZaRZDG4ZA="},"chainType":1,"messageKeys":{}}}}},"version":"v1"}