{"_sessions":{"Bdq506I9QyTT2Oi4Q3PlFQaSC1MXKxk0UEO2cw16lVM+":{"registrationId":1751601689,"currentRatchet":{"ephemeralKeyPair":{"pubKey":"BUMBU6cc09ChAFfRlSnIULKJlrRfWdKDtbQtMTef44hi","privKey":"ALkDW8fZeUuRMX8OgNNXFj3mBdUMp4+RCJv//FhW9GI="},"lastRemoteEphemeralKey":"BYZO1mQxASU6Zk26eP39zgKIbbUBcBzXcWuapE59NfhV","previousCounter":0,"rootKey":"OTqnSVOrlUjIj1R4IeQ5E1PPjtgfGl+0TRiITC5npMc="},"indexInfo":{"baseKey":"Bdq506I9QyTT2Oi4Q3PlFQaSC1MXKxk0UEO2cw16lVM+","baseKeyType":1,"closed":-1,"used":1706144582768,"created":1706144582768,"remoteIdentityKey":"BTzxM23Qt2KpWmvsgqRFMu2nmIS8Bi/5UeedmLEGPVoD"},"_chains":{"BUMBU6cc09ChAFfRlSnIULKJlrRfWdKDtbQtMTef44hi":{"chainKey":{"counter":0,"key":"chjF8afAJsqWA/m9nkgPYCAZbVZ40bArlsrNa+Is4zU="},"chainType":1,"messageKeys":{}}},"pendingPreKey":{"signedKeyId":0,"baseKey":"Bdq506I9QyTT2Oi4Q3PlFQaSC1MXKxk0UEO2cw16lVM+","preKeyId":15140471}}},"version":"v1"}