{"_sessions":{"BSn2cvcYyxUFqPExoRfcccDkMeryHlsCtPj5XKn5ZMM1":{"registrationId":119,"currentRatchet":{"ephemeralKeyPair":{"pubKey":"BSRZy13MijgPpZQpOg+SmqlgAG92GSLry6arPa3IPG1J","privKey":"iE9R43A6P01PYr0U1XOob5Xzuhn2hrPdp2Lwah7lAWw="},"lastRemoteEphemeralKey":"BbxacVaDE2JgOQeXURDlZMdIxVHdo3m1dCfB38TaIGcy","previousCounter":0,"rootKey":"JTsCeSTn3XsheiXjX7aa5I4/sKbvsBZWOuVdcd1cs0k="},"indexInfo":{"baseKey":"BSn2cvcYyxUFqPExoRfcccDkMeryHlsCtPj5XKn5ZMM1","baseKeyType":1,"closed":-1,"used":1706141225944,"created":1706141225944,"remoteIdentityKey":"BTZNgNECW55XUTgEjc9qTbrmRGN5l2U3gYjaCAkjV6wz"},"_chains":{"BSRZy13MijgPpZQpOg+SmqlgAG92GSLry6arPa3IPG1J":{"chainKey":{"counter":5,"key":"kifzxiwsCdJSMQ0f4plrmiL5grfT+tPUFkVqbNvNWW0="},"chainType":1,"messageKeys":{}}},"pendingPreKey":{"signedKeyId":1,"baseKey":"BSn2cvcYyxUFqPExoRfcccDkMeryHlsCtPj5XKn5ZMM1","preKeyId":1259}}},"version":"v1"}