{"_sessions":{"BUYh5bWQquf9NISTmZKDno5r7C6oRbRNszAdU5hVrvZK":{"registrationId":82,"currentRatchet":{"ephemeralKeyPair":{"pubKey":"BWNnoxnvA0rRdl8Pm5bv3eXlvD7PnRrAtIcY5OwZ5RET","privKey":"mHb5GLSQ69f3fojYGfI1orFtwz8gGrr/r9vXOEonb0U="},"lastRemoteEphemeralKey":"BVAGtboo4fEfCYP1UoeO/PKhqSYvlsPawv2xOd+qbdQq","previousCounter":0,"rootKey":"WJA39nTzrJldiCt/bFuzX5IU5DRb2vDLeJ+hDZujmvk="},"indexInfo":{"baseKey":"BUYh5bWQquf9NISTmZKDno5r7C6oRbRNszAdU5hVrvZK","baseKeyType":1,"closed":1705970184461,"used":1705893093249,"created":1705893093249,"remoteIdentityKey":"BVfEW3tZETvuZ498DI5hwbz6I70tyW33Pl3qgcJKqZh4"},"_chains":{"BWNnoxnvA0rRdl8Pm5bv3eXlvD7PnRrAtIcY5OwZ5RET":{"chainKey":{"counter":0,"key":"OV3CGMVxnsUEX58wGJkNvUo2iy1YzWKfw5U5IdUouCE="},"chainType":1,"messageKeys":{}}},"pendingPreKey":{"signedKeyId":1,"baseKey":"BUYh5bWQquf9NISTmZKDno5r7C6oRbRNszAdU5hVrvZK","preKeyId":57}},"BYrqG//9ktxyhp/IICY5ROziXP8oDSLh6oqW3rrxZYE5":{"registrationId":82,"currentRatchet":{"ephemeralKeyPair":{"pubKey":"BSjcJ0FMBtN3gribL7oeZ0V1AMczc4WCAYd5oUSNu317","privKey":"CHHDUS5oOtLXGBo1WNP+y3DyLw5tNzJsmUEIFCyLtEc="},"lastRemoteEphemeralKey":"BbX0D45rsnTfJO7lXK0KnvT+19JreNMTbH6Z6ut2MVhA","previousCounter":0,"rootKey":"l/lPFdAm+AZegfzTUlKGzvRRybvO3TgYzPWWARfGROU="},"indexInfo":{"baseKey":"BYrqG//9ktxyhp/IICY5ROziXP8oDSLh6oqW3rrxZYE5","baseKeyType":2,"closed":1705970212584,"used":1705970184469,"created":1705970184469,"remoteIdentityKey":"BVfEW3tZETvuZ498DI5hwbz6I70tyW33Pl3qgcJKqZh4"},"_chains":{"BbX0D45rsnTfJO7lXK0KnvT+19JreNMTbH6Z6ut2MVhA":{"chainKey":{"counter":0,"key":"5BmXDoxNjqs9aEtM2ntNqqidtqbtv9fBP0DDT/kdHyg="},"chainType":2,"messageKeys":{}},"BSjcJ0FMBtN3gribL7oeZ0V1AMczc4WCAYd5oUSNu317":{"chainKey":{"counter":-1,"key":"jYcXtzShCgCdzGo4mu04zWkbj+hoeOMHoJsOCEQBUbY="},"chainType":1,"messageKeys":{}}}},"BShsLHPwFeqDEVmxLqzqHUDAKHYI+Ju7JRlXn8Cgr05E":{"registrationId":82,"currentRatchet":{"ephemeralKeyPair":{"pubKey":"BcD5mHr4jatFHX6FlVF+yZ1LfW6Nh01bcMAseux7t8Iv","privKey":"yFaK9JcgelYHrIsJiit8RlzoauejXi+qB9AfztWG6Go="},"lastRemoteEphemeralKey":"BVAGtboo4fEfCYP1UoeO/PKhqSYvlsPawv2xOd+qbdQq","previousCounter":0,"rootKey":"pu3YCxIQqXzBCABgWGnTRuRer7vb7BrhtMXXuZOnCoE="},"indexInfo":{"baseKey":"BShsLHPwFeqDEVmxLqzqHUDAKHYI+Ju7JRlXn8Cgr05E","baseKeyType":1,"closed":-1,"used":1705970212579,"created":1705970212579,"remoteIdentityKey":"BVfEW3tZETvuZ498DI5hwbz6I70tyW33Pl3qgcJKqZh4"},"_chains":{"BcD5mHr4jatFHX6FlVF+yZ1LfW6Nh01bcMAseux7t8Iv":{"chainKey":{"counter":-1,"key":"NTrXcghjPiDnxaApv8zw3I75E24vehtC894q1qZ1VHo="},"chainType":1,"messageKeys":{}}},"pendingPreKey":{"signedKeyId":1,"baseKey":"BShsLHPwFeqDEVmxLqzqHUDAKHYI+Ju7JRlXn8Cgr05E","preKeyId":82}}},"version":"v1"}