{"_sessions":{"BQDsvjfdRBWjxt0u/I6w7X5kw3xN+/X9gWL28ctOTCsp":{"registrationId":6659,"currentRatchet":{"ephemeralKeyPair":{"pubKey":"BdsnRVvALhPX/Ae9Q04mkma23bGMcuuqlzVENdycJisa","privKey":"4DF97cLnKFT4u6QldX6iud5DjpWqMdwlsHHbwpLkanc="},"lastRemoteEphemeralKey":"BXMUuz/KyhUeeFnMJlQP0UZJIVZC0lv97VmKCRD/06JH","previousCounter":0,"rootKey":"/5CzJ4iBT1quXXioJBUnLZrc1g3LjzFwoney+XbzoVw="},"indexInfo":{"baseKey":"BQDsvjfdRBWjxt0u/I6w7X5kw3xN+/X9gWL28ctOTCsp","baseKeyType":1,"closed":-1,"used":1706141225941,"created":1706141225941,"remoteIdentityKey":"Bfim9t3jro+gD/m6LegYsvN7L6FwiUJulQBkTDz/vz8M"},"_chains":{"BdsnRVvALhPX/Ae9Q04mkma23bGMcuuqlzVENdycJisa":{"chainKey":{"counter":5,"key":"9d3EuBlb8+0CczP3Vq6aI7oGlnI1oyMTc0j1v3Ef2cQ="},"chainType":1,"messageKeys":{}}},"pendingPreKey":{"signedKeyId":1,"baseKey":"BQDsvjfdRBWjxt0u/I6w7X5kw3xN+/X9gWL28ctOTCsp","preKeyId":3425}}},"version":"v1"}