{"_sessions":{"BTc3aKC357npZTm5l/t+eRa2WAS3V5BpwEbtD9OaSOMD":{"registrationId":195,"currentRatchet":{"ephemeralKeyPair":{"pubKey":"BVTUzy2pQmhusleq5uByAC86I5U4F61ND061iSzPLUAw","privKey":"QGgvsEc6roM2Vri46J1HbGVbaFqqdWgI/0IvUcAJ9Eo="},"lastRemoteEphemeralKey":"BShIlSXomXKEN45bm5dB7yreWlRTmIC7XLgZ0j9t+lQG","previousCounter":0,"rootKey":"55bzrlpAq8nF5d/Q1chZjZcwcya+gN3dZZZaeFhC1DU="},"indexInfo":{"baseKey":"BTc3aKC357npZTm5l/t+eRa2WAS3V5BpwEbtD9OaSOMD","baseKeyType":1,"closed":-1,"used":1706144582763,"created":1706144582763,"remoteIdentityKey":"BXg6sRLgFuwBHsq1S7VCc6TWaVfoh5mn2F8WvUgoGBAT"},"_chains":{"BVTUzy2pQmhusleq5uByAC86I5U4F61ND061iSzPLUAw":{"chainKey":{"counter":0,"key":"yhopr349JuNnV5nu9jG6bZ2QK1CNcj6gi+l4bGfYLFM="},"chainType":1,"messageKeys":{}}},"pendingPreKey":{"signedKeyId":1,"baseKey":"BTc3aKC357npZTm5l/t+eRa2WAS3V5BpwEbtD9OaSOMD"}}},"version":"v1"}