{"_sessions":{"BRu8a/y8KgdkC+HWwAENd6IPYlO2499/5o9/Ukyibq5T":{"registrationId":1074188588,"currentRatchet":{"ephemeralKeyPair":{"pubKey":"BVxqdm+5HWKqdu7xrvd6igMTqH02jkuE5dgS4UEvos0P","privKey":"KNG/34cuNiLEQQ2RCyAbJb5HeojIepXLh8mMtVb9kkM="},"lastRemoteEphemeralKey":"BU7pl2/txCakh4vvn2t7F4zNay4YdFw78D8VSr78tGUK","previousCounter":0,"rootKey":"oIyZtHBUHHAytU+JPjBAkjKElmqQ+I10zDyVxyxQO3Y="},"indexInfo":{"baseKey":"BRu8a/y8KgdkC+HWwAENd6IPYlO2499/5o9/Ukyibq5T","baseKeyType":1,"closed":-1,"used":1706141225950,"created":1706141225950,"remoteIdentityKey":"BfxKr75Oo2u/12B+qYTmy72dO+bKsDLqEgGdaccIoWsa"},"_chains":{"BVxqdm+5HWKqdu7xrvd6igMTqH02jkuE5dgS4UEvos0P":{"chainKey":{"counter":5,"key":"ZjHnjMW+fu8Z7EBoPQhAJYSIjV7IEOwUptsJmklwf0w="},"chainType":1,"messageKeys":{}}},"pendingPreKey":{"signedKeyId":1,"baseKey":"BRu8a/y8KgdkC+HWwAENd6IPYlO2499/5o9/Ukyibq5T","preKeyId":10905085}}},"version":"v1"}