{"_sessions":{"BXLUbUbTGg56UTVDJ0PNCkIHVxlZOtG/dEkHb64xLHt4":{"registrationId":22,"currentRatchet":{"ephemeralKeyPair":{"pubKey":"BfuogmeQibvJ5fNC0BD2Ym9RYbM0uWjpNY4gZ12GYhhg","privKey":"0KBz1Ec92Qobg57u8gm1fSmlcgtdIflEymmlPAM5Ils="},"lastRemoteEphemeralKey":"BXoiTA3L2bD9Y1lQh5jp5JbE974LTF5hS9MwFuN0wZNY","previousCounter":0,"rootKey":"qwYTcfOzQM2A31Z37n97LBZR0gBXbw2E99nvd62ysyk="},"indexInfo":{"baseKey":"BXLUbUbTGg56UTVDJ0PNCkIHVxlZOtG/dEkHb64xLHt4","baseKeyType":2,"closed":-1,"used":1705970184639,"created":1705775430818,"remoteIdentityKey":"BVZ+6V+ZJjHqXgrmI83wFpl/BNxsbz1oXf+hLm6Vh/R9"},"_chains":{"BSaYagtYcAGoxa66Wh5UrhZ6u8V1BIIGvD9citCmNWs9":{"chainKey":{"counter":0},"chainType":2,"messageKeys":{}},"BXoiTA3L2bD9Y1lQh5jp5JbE974LTF5hS9MwFuN0wZNY":{"chainKey":{"counter":0,"key":"Sfb9FT843EzykMoDiLJ55qxFY2cseRnyiplSWkEncjs="},"chainType":2,"messageKeys":{}},"BfuogmeQibvJ5fNC0BD2Ym9RYbM0uWjpNY4gZ12GYhhg":{"chainKey":{"counter":0,"key":"jny/gHrAGC6rXlQV/b9rRcZMLQaw22GidCy5Wll4TY4="},"chainType":1,"messageKeys":{}}}}},"version":"v1"}