{"_sessions":{"Bcmis1iyGGH8sWjyk2NnVgN6mCHhR0IBXcraneUa5tM2":{"registrationId":209,"currentRatchet":{"ephemeralKeyPair":{"pubKey":"BcxKgdgVCyie0zG7+rnGgx2RYXn2Oy8r7+ZsTT8W1Jdm","privKey":"SFZjNJOqjlrnYh2LVau40FYlj3O+HKqtn0fKd4OqLnk="},"lastRemoteEphemeralKey":"BR51LJr2YJ3x9s46mqKD5JkRCVED3QV5iuIbWJeLJbx0","previousCounter":0,"rootKey":"x7f/Et9FoW3tlhLW4XzvU2YdAGlzWvQ3uzcZKpjmk6s="},"indexInfo":{"baseKey":"Bcmis1iyGGH8sWjyk2NnVgN6mCHhR0IBXcraneUa5tM2","baseKeyType":1,"closed":-1,"used":1705893093246,"created":1705893093246,"remoteIdentityKey":"BfgvOgtbpj0MOKv1AyPwgGgn5K/hHhW3R3Qv4vqemdYG"},"_chains":{"BcxKgdgVCyie0zG7+rnGgx2RYXn2Oy8r7+ZsTT8W1Jdm":{"chainKey":{"counter":0,"key":"kKMt+MgLNnd1Wq5HB0dJsTeWVZ9gi9jhIcFTzjhahs8="},"chainType":1,"messageKeys":{}}},"pendingPreKey":{"signedKeyId":1,"baseKey":"Bcmis1iyGGH8sWjyk2NnVgN6mCHhR0IBXcraneUa5tM2"}}},"version":"v1"}