{"_sessions":{"BSVFis6N00n9Holy6+pmqTVDrz/eQYqgLK+Z9WYBec9A":{"registrationId":236651084,"currentRatchet":{"ephemeralKeyPair":{"pubKey":"Befj4+cg8DxoXRPqE0UJCA7lOGaS8fBOaeTVZ6Ev7JoA","privKey":"oLszUYEkPDw2sejTZhFG6jdwRvM4HUN+gqPXL4He4Xo="},"lastRemoteEphemeralKey":"BTpZXzW4OFNXpzaK0mohT5hzgqhL9uDBid2r7l6QNPgC","previousCounter":1,"rootKey":"yRt283xYp/TH9LRkymwGKv4UofotnOgvvoD5A3OR798="},"indexInfo":{"baseKey":"BSVFis6N00n9Holy6+pmqTVDrz/eQYqgLK+Z9WYBec9A","baseKeyType":2,"closed":-1,"used":1706141651823,"created":1706140920976,"remoteIdentityKey":"BelWzcTAqfECdq7hGk/AQx0HgkEkEcZCCoj6QQIKXWQp"},"_chains":{"BTXmQQK1n07vG1SOnxE5FZnvUNroOJl8+nGC2OSxXsg1":{"chainKey":{"counter":1},"chainType":2,"messageKeys":{}},"BWh/L5TdzhUQRcUwL8H/Do9U2OTGclvh20SOqvTM6uh0":{"chainKey":{"counter":1},"chainType":2,"messageKeys":{}},"BbHp3t/FsmFjdzxkj8uSsX3J+YTLCd5HJA9MSowXl+Ys":{"chainKey":{"counter":0},"chainType":2,"messageKeys":{}},"BTpZXzW4OFNXpzaK0mohT5hzgqhL9uDBid2r7l6QNPgC":{"chainKey":{"counter":0,"key":"StjMH2hK6/nq9LInaTOThsA6AUAq3T07QwTBaznI2OY="},"chainType":2,"messageKeys":{}},"Befj4+cg8DxoXRPqE0UJCA7lOGaS8fBOaeTVZ6Ev7JoA":{"chainKey":{"counter":-1,"key":"f4Ix6FnTibdTB2BF8s4ECcapvhZpaNAqAvGkiQjheq8="},"chainType":1,"messageKeys":{}}}}},"version":"v1"}