[
  {
    "groupId": "120363045132644019@g.us",
    "actived": false,
    "number": [
      "19998229495",
      "554884618781"
    ]
  },
  {
    "groupId": "120363142575728997@g.us",
    "actived": false,
    "number": [
      "19083439777",
      "556792977950"
    ]
  },
  {
    "groupId": "120363161114628285@g.us",
    "actived": false,
    "number": [
      "9384352835",
      "21993811325",
      "21972787602",
      "24999271995"
    ]
  },
  {
    "groupId": "120363161501865557@g.us",
    "actived": true,
    "number": []
  },
  {
    "groupId": "120363146771361825@g.us",
    "actived": false,
    "number": [
      "557184713496",
      "559891501449",
      "2349157215478"
    ]
  },
  {
    "groupId": "120363128113014151@g.us",
    "actived": false,
    "number": [
      "553184586449",
      "burro",
      "5521972363250",
      "555181242238",
      "5527996622820",
      "5521992654288",
      "558481533140"
    ]
  },
  {
    "groupId": "120363158660390103@g.us",
    "actived": false,
    "number": [
      "@5521970259148",
      "@5511917705345"
    ]
  }
]
